<?xml version="1.0" encoding="UTF-8"?>
<kml xmlns="http://www.opengis.net/kml/2.2">
	<Document>
    		<name>Polígono Georeferenciado - pimcpa</name>
   	<Placemark>
			<name>Patagonia Austral</name>
 			<description>Ley Provincial / Ley Nacional LEY XVII - Nº 87/Ley 26.446</description>
			<MultiGeometry>
<Polygon><outerBoundaryIs><LinearRing><coordinates>-65.593,-44.9037,0 -65.5928,-44.9037,0 -65.5926,-44.9037,0 -65.5922,-44.9035,0 -65.5919,-44.9034,0 -65.59179999999999,-44.903299999999994,0 -65.59159999999999,-44.9028,0 -65.5922,-44.90229999999999,0 -65.59230000000001,-44.90220000000001,0 -65.5928,-44.9016,0 -65.5931,-44.90089999999999,0 -65.5929,-44.9004,0 -65.59349999999999,-44.8996,0 -65.5934,-44.8995,0 -65.5926,-44.89869999999999,0 -65.5929,-44.8961,0 -65.59089999999999,-44.8955,0 -65.58829999999999,-44.895399999999995,0 -65.58619999999999,-44.8947,0 -65.5801,-44.8946,0 -65.5776,-44.8955,0 -65.5755,-44.8955,0 -65.574,-44.89489999999999,0 -65.5722,-44.8947,0 -65.57020000000001,-44.89569999999999,0 -65.5694,-44.89659999999999,0 -65.5686,-44.897499999999994,0 -65.5688,-44.8991,0 -65.5698,-44.89999999999999,0 -65.5699,-44.9002,0 -65.5693,-44.9002,0 -65.5155,-44.900099999999995,0 -65.5141,-44.90199999999999,0 -65.5139,-44.9024,0 -65.5137,-44.9027,0 -65.5135,-44.9031,0 -65.5133,-44.9035,0 -65.5131,-44.9039,0 -65.5129,-44.9044,0 -65.51269999999998,-44.9048,0 -65.5126,-44.905199999999994,0 -65.5124,-44.9057,0 -65.51229999999998,-44.9061,0 -65.5122,-44.9065,0 -65.51209999999999,-44.90689999999999,0 -65.51199999999999,-44.9073,0 -65.51199999999999,-44.9077,0 -65.5119,-44.9081,0 -65.5119,-44.90839999999999,0 -65.5119,-44.908699999999996,0 -65.5119,-44.909099999999995,0 -65.51179999999998,-44.909400000000005,0 -65.51179999999998,-44.909699999999994,0 -65.5117,-44.910000000000004,0 -65.5115,-44.91029999999999,0 -65.5113,-44.9106,0 -65.511,-44.911,0 -65.5105,-44.91149999999999,0 -65.51,-44.91190000000001,0 -65.50939999999999,-44.91250000000001,0 -65.5086,-44.913,0 -65.5079,-44.9136,0 -65.5072,-44.9141,0 -65.50639999999999,-44.9147,0 -65.5058,-44.9151,0 -65.5052,-44.91559999999999,0 -65.5048,-44.9159,0 -65.5044,-44.9162,0 -65.5042,-44.9164,0 -65.504,-44.916499999999985,0 -65.50379999999998,-44.9166,0 -65.5037,-44.9167,0 -65.50359999999999,-44.9168,0 -65.5035,-44.91689999999999,0 -65.5033,-44.916999999999994,0 -65.5031,-44.9171,0 -65.5029,-44.91729999999999,0 -65.5025,-44.91759999999999,0 -65.5021,-44.918,0 -65.5016,-44.91859999999999,0 -65.50099999999999,-44.919399999999996,0 -65.5002,-44.920399999999994,0 -65.4993,-44.921600000000005,0 -65.4982,-44.92309999999999,0 -65.4971,-44.924600000000005,0 -65.49599999999998,-44.9263,0 -65.4948,-44.9279,0 -65.4936,-44.9295,0 -65.4925,-44.93099999999999,0 -65.4915,-44.9323,0 -65.49059999999999,-44.9334,0 -65.4898,-44.93429999999999,0 -65.4891,-44.9349,0 -65.4885,-44.93549999999999,0 -65.48799999999999,-44.935900000000004,0 -65.4877,-44.9362,0 -65.4874,-44.93639999999999,0 -65.4873,-44.93659999999999,0 -65.4872,-44.9367,0 -65.4872,-44.936899999999994,0 -65.4873,-44.93699999999999,0 -65.4874,-44.9372,0 -65.4875,-44.93729999999999,0 -65.48759999999999,-44.9375,0 -65.4877,-44.9377,0 -65.4877,-44.9379,0 -65.4877,-44.938199999999995,0 -65.48759999999999,-44.9385,0 -65.48759999999999,-44.93880000000001,0 -65.48779999999998,-44.9392,0 -65.48799999999999,-44.93959999999999,0 -65.4885,-44.940099999999994,0 -65.4893,-44.9405,0 -65.49039999999998,-44.940999999999995,0 -65.4919,-44.941599999999994,0 -65.4936,-44.942099999999996,0 -65.4955,-44.94279999999999,0 -65.49750000000002,-44.9435,0 -65.4995,-44.944399999999995,0 -65.50129999999999,-44.9454,0 -65.5029,-44.94649999999999,0 -65.5055,-44.94670000000001,0 -65.5104,-44.9463,0 -65.5136,-44.947399999999995,0 -65.51789999999998,-44.9486,0 -65.52009999999999,-44.9486,0 -65.52309999999999,-44.9508,0 -65.526,-44.9529,0 -65.528,-44.95389999999999,0 -65.5296,-44.95570000000001,0 -65.5318,-44.9572,0 -65.53339999999999,-44.95819999999999,0 -65.5359,-44.9592,0 -65.5381,-44.9592,0 -65.5403,-44.9604,0 -65.5427,-44.9614,0 -65.54399999999998,-44.96229999999999,0 -65.54599999999999,-44.96919999999999,0 -65.54379999999999,-44.9715,0 -65.54149999999998,-44.9747,0 -65.5409,-44.977799999999995,0 -65.5405,-44.98169999999999,0 -65.5403,-44.983700000000006,0 -65.5397,-44.986599999999996,0 -65.54149999999998,-44.99600000000001,0 -65.5442,-45.00489999999999,0 -65.54899999999999,-45.0172,0 -65.5506,-45.018,0 -65.55179999999999,-45.018699999999995,0 -65.5526,-45.01939999999999,0 -65.5533,-45.0201,0 -65.5539,-45.0207,0 -65.55439999999999,-45.02109999999999,0 -65.55509999999998,-45.02149999999999,0 -65.556,-45.02179999999999,0 -65.55719999999998,-45.02199999999999,0 -65.5587,-45.02210000000001,0 -65.56029999999998,-45.02210000000001,0 -65.562,-45.02210000000001,0 -65.5638,-45.02199999999999,0 -65.5656,-45.0219,0 -65.5673,-45.0219,0 -65.5688,-45.02179999999999,0 -65.5701,-45.02179999999999,0 -65.57129999999998,-45.0219,0 -65.5722,-45.02199999999999,0 -65.573,-45.02210000000001,0 -65.57359999999998,-45.022299999999994,0 -65.5742,-45.02250000000001,0 -65.5746,-45.0227,0 -65.575,-45.023,0 -65.5753,-45.0233,0 -65.5755,-45.023599999999995,0 -65.57579999999999,-45.0239,0 -65.5759,-45.02419999999999,0 -65.57599999999998,-45.02460000000001,0 -65.57599999999998,-45.02510000000001,0 -65.5759,-45.0256,0 -65.5757,-45.0261,0 -65.5754,-45.0268,0 -65.57509999999999,-45.0274,0 -65.57469999999999,-45.028099999999995,0 -65.57429999999998,-45.02889999999999,0 -65.57389999999998,-45.0296,0 -65.5734,-45.0303,0 -65.573,-45.0309,0 -65.57249999999999,-45.0316,0 -65.5722,-45.0321,0 -65.5718,-45.0326,0 -65.5715,-45.032999999999994,0 -65.5712,-45.03339999999999,0 -65.57099999999998,-45.03379999999999,0 -65.5707,-45.03399999999999,0 -65.5705,-45.034299999999995,0 -65.57039999999999,-45.0345,0 -65.57020000000001,-45.0347,0 -65.5701,-45.03479999999999,0 -65.5699,-45.03489999999999,0 -65.5698,-45.0351,0 -65.5696,-45.0352,0 -65.5694,-45.035399999999996,0 -65.5691,-45.035599999999995,0 -65.5688,-45.03580000000001,0 -65.56849999999999,-45.0361,0 -65.56799999999998,-45.0364,0 -65.56759999999998,-45.0368,0 -65.5671,-45.0372,0 -65.5666,-45.0377,0 -65.5661,-45.0381,0 -65.5656,-45.0386,0 -65.56519999999999,-45.0391,0 -65.56479999999999,-45.0395,0 -65.5644,-45.039999999999985,0 -65.5641,-45.0405,0 -65.5639,-45.04089999999999,0 -65.5636,-45.0413,0 -65.5634,-45.0416,0 -65.56329999999998,-45.042,0 -65.5632,-45.042199999999994,0 -65.5631,-45.0424,0 -65.563,-45.0426,0 -65.56289999999998,-45.0427,0 -65.56289999999998,-45.0428,0 -65.56279999999998,-45.0428,0 -65.56279999999998,-45.0429,0 -65.56279999999998,-45.0429,0 -65.56279999999998,-45.0429,0 -65.56279999999998,-45.0429,0 -65.56279999999998,-45.0429,0 -65.56279999999998,-45.043,0 -65.56279999999998,-45.043,0 -65.5627,-45.0431,0 -65.5627,-45.0432,0 -65.56259999999999,-45.0433,0 -65.5625,-45.043499999999995,0 -65.56239999999998,-45.04379999999999,0 -65.5623,-45.04399999999999,0 -65.56219999999999,-45.0443,0 -65.5621,-45.0447,0 -65.5619,-45.04509999999999,0 -65.5618,-45.0455,0 -65.56169999999999,-45.04599999999999,0 -65.5616,-45.0465,0 -65.5616,-45.047,0 -65.5616,-45.04760000000001,0 -65.5616,-45.04809999999999,0 -65.5616,-45.0487,0 -65.5616,-45.04919999999999,0 -65.5616,-45.049699999999994,0 -65.5616,-45.0501,0 -65.5616,-45.0505,0 -65.5615,-45.050799999999995,0 -65.5614,-45.050999999999995,0 -65.5614,-45.0512,0 -65.5612,-45.0514,0 -65.5611,-45.05149999999999,0 -65.5609,-45.05169999999999,0 -65.5606,-45.0518,0 -65.56029999999998,-45.05199999999999,0 -65.55999999999999,-45.0521,0 -65.55959999999999,-45.0523,0 -65.5592,-45.0525,0 -65.5587,-45.0527,0 -65.5583,-45.05299999999999,0 -65.5579,-45.0532,0 -65.5575,-45.053399999999996,0 -65.5571,-45.0536,0 -65.5568,-45.0538,0 -65.5565,-45.054,0 -65.5562,-45.0542,0 -65.5559,-45.0544,0 -65.5557,-45.05459999999999,0 -65.5554,-45.05479999999999,0 -65.55509999999998,-45.055,0 -65.5547,-45.05519999999999,0 -65.55439999999999,-45.055499999999995,0 -65.5539,-45.0558,0 -65.5534,-45.0562,0 -65.55289999999998,-45.05669999999999,0 -65.55229999999999,-45.057399999999994,0 -65.5517,-45.05819999999999,0 -65.5511,-45.05919999999999,0 -65.5504,-45.060500000000005,0 -65.54959999999998,-45.06199999999999,0 -65.5489,-45.06369999999999,0 -65.5483,-45.0656,0 -65.5479,-45.067499999999995,0 -65.5476,-45.0695,0 -65.5477,-45.07150000000001,0 -65.54809999999999,-45.0733,0 -65.54899999999999,-45.0751,0 -65.55029999999998,-45.07659999999999,0 -65.5519,-45.078,0 -65.5539,-45.0791,0 -65.5561,-45.0801,0 -65.5583,-45.081,0 -65.5606,-45.081699999999984,0 -65.56279999999998,-45.0823,0 -65.56479999999999,-45.0828,0 -65.5665,-45.0832,0 -65.56799999999998,-45.08339999999999,0 -65.5692,-45.08369999999999,0 -65.5703,-45.0838,0 -65.57109999999999,-45.0839,0 -65.5719,-45.0839,0 -65.5726,-45.0839,0 -65.57319999999999,-45.0839,0 -65.5738,-45.0839,0 -65.5744,-45.0839,0 -65.5749,-45.0839,0 -65.5755,-45.0839,0 -65.57599999999998,-45.0839,0 -65.57649999999998,-45.0838,0 -65.5771,-45.0838,0 -65.5776,-45.08369999999999,0 -65.5781,-45.08369999999999,0 -65.5787,-45.0836,0 -65.5792,-45.0835,0 -65.5797,-45.08339999999999,0 -65.5803,-45.083299999999994,0 -65.5808,-45.0832,0 -65.58119999999998,-45.083099999999995,0 -65.58169999999998,-45.08299999999999,0 -65.58209999999998,-45.0829,0 -65.5824,-45.0829,0 -65.5828,-45.0828,0 -65.58309999999999,-45.0827,0 -65.5834,-45.0826,0 -65.58379999999998,-45.082499999999996,0 -65.5841,-45.08239999999999,0 -65.5844,-45.0823,0 -65.5848,-45.0822,0 -65.5852,-45.0821,0 -65.5856,-45.0819,0 -65.5861,-45.0818,0 -65.58659999999999,-45.0816,0 -65.5871,-45.081399999999995,0 -65.5877,-45.081199999999995,0 -65.58829999999999,-45.08089999999999,0 -65.58899999999998,-45.0807,0 -65.58969999999998,-45.0803,0 -65.5904,-45.08,0 -65.5911,-45.0797,0 -65.59179999999999,-45.0793,0 -65.59239999999998,-45.0789,0 -65.5931,-45.078599999999994,0 -65.59360000000001,-45.07820000000001,0 -65.5941,-45.07789999999999,0 -65.59459999999999,-45.077600000000004,0 -65.59499999999998,-45.0773,0 -65.59529999999998,-45.0771,0 -65.59569999999998,-45.0769,0 -65.59609999999999,-45.0767,0 -65.5964,-45.07659999999999,0 -65.59680000000002,-45.076499999999996,0 -65.59719999999999,-45.076499999999996,0 -65.5977,-45.076499999999996,0 -65.5981,-45.07659999999999,0 -65.5986,-45.07659999999999,0 -65.599,-45.0768,0 -65.5995,-45.0769,0 -65.59979999999999,-45.07699999999999,0 -65.6001,-45.0771,0 -65.60039999999998,-45.07719999999999,0 -65.6006,-45.07719999999999,0 -65.6007,-45.0773,0 -65.6008,-45.0773,0 -65.60089999999998,-45.0773,0 -65.60089999999998,-45.0773,0 -65.601,-45.0773,0 -65.601,-45.0773,0 -65.601,-45.0773,0 -65.6011,-45.0773,0 -65.6011,-45.0774,0 -65.6012,-45.0774,0 -65.6013,-45.0774,0 -65.6014,-45.0774,0 -65.6015,-45.0774,0 -65.6017,-45.0775,0 -65.6018,-45.0775,0 -65.602,-45.0775,0 -65.6022,-45.077600000000004,0 -65.6025,-45.077600000000004,0 -65.6027,-45.077600000000004,0 -65.60299999999998,-45.0777,0 -65.6033,-45.077799999999996,0 -65.60349999999998,-45.07789999999999,0 -65.6038,-45.078,0 -65.6041,-45.0781,0 -65.6044,-45.0783,0 -65.6047,-45.078399999999995,0 -65.60499999999999,-45.078599999999994,0 -65.6053,-45.0787,0 -65.60559999999998,-45.078799999999994,0 -65.6059,-45.079,0 -65.6062,-45.0791,0 -65.6064,-45.0791,0 -65.6067,-45.0792,0 -65.6069,-45.0793,0 -65.60709999999999,-45.0793,0 -65.6073,-45.07940000000001,0 -65.6075,-45.07940000000001,0 -65.6077,-45.07940000000001,0 -65.60779999999998,-45.0795,0 -65.6079,-45.0795,0 -65.60799999999999,-45.0795,0 -65.60819999999998,-45.0796,0 -65.6083,-45.0796,0 -65.6085,-45.0797,0 -65.60869999999998,-45.0797,0 -65.6089,-45.0797,0 -65.6093,-45.0798,0 -65.6096,-45.0798,0 -65.61,-45.0799,0 -65.6105,-45.0799,0 -65.6109,-45.08,0 -65.6114,-45.08,0 -65.6118,-45.0801,0 -65.6122,-45.0801,0 -65.6125,-45.0801,0 -65.6128,-45.0802,0 -65.6131,-45.0802,0 -65.61339999999998,-45.0802,0 -65.6136,-45.0803,0 -65.61379999999998,-45.0803,0 -65.614,-45.0803,0 -65.61409999999998,-45.0803,0 -65.6143,-45.0803,0 -65.6145,-45.0803,0 -65.6147,-45.0804,0 -65.61489999999999,-45.0804,0 -65.6152,-45.0804,0 -65.6155,-45.0804,0 -65.6159,-45.0804,0 -65.61639999999998,-45.0805,0 -65.6169,-45.0805,0 -65.61760000000001,-45.08059999999999,0 -65.6183,-45.08059999999999,0 -65.6191,-45.0807,0 -65.6199,-45.0807,0 -65.6207,-45.0808,0 -65.6215,-45.0808,0 -65.6222,-45.0808,0 -65.623,-45.0808,0 -65.6237,-45.0807,0 -65.62439999999998,-45.08059999999999,0 -65.625,-45.08059999999999,0 -65.6256,-45.0805,0 -65.6261,-45.0804,0 -65.6265,-45.0803,0 -65.62699999999998,-45.0802,0 -65.6273,-45.0802,0 -65.6276,-45.0801,0 -65.6279,-45.0801,0 -65.6282,-45.08,0 -65.6284,-45.08,0 -65.6286,-45.0799,0 -65.6288,-45.0799,0 -65.62899999999999,-45.0798,0 -65.6293,-45.0798,0 -65.6295,-45.0797,0 -65.6298,-45.0796,0 -65.63009999999998,-45.0796,0 -65.6305,-45.0795,0 -65.6308,-45.0793,0 -65.6313,-45.0792,0 -65.6317,-45.0791,0 -65.63219999999998,-45.0789,0 -65.6328,-45.0787,0 -65.6334,-45.0785,0 -65.634,-45.078399999999995,0 -65.63459999999999,-45.07820000000001,0 -65.63529999999999,-45.07820000000001,0 -65.6359,-45.07820000000001,0 -65.6364,-45.0783,0 -65.63699999999999,-45.0785,0 -65.6375,-45.078799999999994,0 -65.63809999999998,-45.0791,0 -65.6388,-45.0793,0 -65.63959999999999,-45.0793,0 -65.6406,-45.0792,0 -65.6418,-45.0789,0 -65.64319999999998,-45.07820000000001,0 -65.64489999999999,-45.07719999999999,0 -65.64680000000001,-45.07599999999999,0 -65.64889999999998,-45.0746,0 -65.6511,-45.07309999999999,0 -65.6533,-45.07159999999999,0 -65.65549999999999,-45.0703,0 -65.6576,-45.06909999999999,0 -65.65949999999998,-45.0683,0 -65.6612,-45.0679,0 -65.6628,-45.0678,0 -65.6641,-45.068,0 -65.6653,-45.06839999999999,0 -65.6663,-45.06889999999999,0 -65.66719999999998,-45.0696,0 -65.668,-45.0702,0 -65.6686,-45.0709,0 -65.6691,-45.07139999999999,0 -65.66959999999999,-45.07189999999999,0 -65.67,-45.0723,0 -65.6704,-45.0726,0 -65.6709,-45.07299999999999,0 -65.6714,-45.0733,0 -65.67199999999998,-45.0737,0 -65.6728,-45.07419999999999,0 -65.6737,-45.0747,0 -65.67479999999999,-45.075199999999995,0 -65.676,-45.0758,0 -65.6773,-45.0764,0 -65.6787,-45.07699999999999,0 -65.68019999999999,-45.0775,0 -65.6818,-45.078,0 -65.68349999999998,-45.078399999999995,0 -65.6852,-45.0787,0 -65.6869,-45.0789,0 -65.68859999999998,-45.079,0 -65.69030000000001,-45.079,0 -65.692,-45.079,0 -65.69359999999999,-45.0789,0 -65.6951,-45.0787,0 -65.6965,-45.078599999999994,0 -65.6978,-45.0783,0 -65.69899999999998,-45.0781,0 -65.7,-45.07789999999999,0 -65.70089999999999,-45.0777,0 -65.7017,-45.0774,0 -65.7024,-45.07719999999999,0 -65.703,-45.07699999999999,0 -65.70349999999999,-45.0769,0 -65.7039,-45.0768,0 -65.7043,-45.0767,0 -65.7046,-45.07659999999999,0 -65.7048,-45.07659999999999,0 -65.7051,-45.07659999999999,0 -65.7054,-45.07659999999999,0 -65.7056,-45.07659999999999,0 -65.706,-45.07659999999999,0 -65.70639999999999,-45.076499999999996,0 -65.70679999999999,-45.076499999999996,0 -65.7073,-45.076499999999996,0 -65.7079,-45.0764,0 -65.7085,-45.0764,0 -65.7091,-45.0763,0 -65.7098,-45.0763,0 -65.71049999999998,-45.0763,0 -65.7112,-45.0763,0 -65.71199999999999,-45.0763,0 -65.7128,-45.0763,0 -65.7136,-45.0762,0 -65.71449999999999,-45.0762,0 -65.7153,-45.0762,0 -65.7163,-45.0761,0 -65.71719999999999,-45.07599999999999,0 -65.7182,-45.0759,0 -65.7192,-45.07569999999999,0 -65.7203,-45.0755,0 -65.7213,-45.0753,0 -65.7222,-45.075,0 -65.7231,-45.074799999999996,0 -65.72400000000002,-45.0746,0 -65.7247,-45.074299999999994,0 -65.7254,-45.07410000000001,0 -65.7259,-45.0739,0 -65.7264,-45.073800000000006,0 -65.7267,-45.0736,0 -65.7271,-45.073499999999996,0 -65.7273,-45.073399999999985,0 -65.72749999999999,-45.0733,0 -65.72769999999998,-45.0732,0 -65.72779999999999,-45.07309999999999,0 -65.7279,-45.07299999999999,0 -65.7281,-45.07299999999999,0 -65.72819999999999,-45.07299999999999,0 -65.7283,-45.0729,0 -65.72839999999998,-45.0729,0 -65.7285,-45.0729,0 -65.7286,-45.0729,0 -65.7287,-45.07280000000001,0 -65.7289,-45.07280000000001,0 -65.7291,-45.07280000000001,0 -65.7293,-45.07269999999999,0 -65.7295,-45.07269999999999,0 -65.7298,-45.0726,0 -65.7302,-45.072500000000005,0 -65.7305,-45.07239999999999,0 -65.73099999999998,-45.0722,0 -65.7315,-45.072,0 -65.732,-45.0718,0 -65.7326,-45.07150000000001,0 -65.73329999999999,-45.071299999999994,0 -65.73399999999998,-45.07099999999999,0 -65.7347,-45.07059999999999,0 -65.73549999999999,-45.0703,0 -65.7363,-45.069900000000004,0 -65.7371,-45.0695,0 -65.738,-45.068999999999996,0 -65.7389,-45.06849999999999,0 -65.7398,-45.0679,0 -65.7406,-45.0672,0 -65.7415,-45.0665,0 -65.7423,-45.0657,0 -65.7431,-45.06479999999999,0 -65.74389999999998,-45.063900000000004,0 -65.7446,-45.0629,0 -65.7452,-45.0619,0 -65.7458,-45.06099999999999,0 -65.74629999999999,-45.0601,0 -65.7468,-45.05929999999999,0 -65.7471,-45.05859999999999,0 -65.7474,-45.058,0 -65.7476,-45.0576,0 -65.7478,-45.057399999999994,0 -65.7479,-45.057199999999995,0 -65.74800000000002,-45.056999999999995,0 -65.7481,-45.056999999999995,0 -65.7482,-45.0569,0 -65.7483,-45.0569,0 -65.7484,-45.0569,0 -65.74849999999999,-45.0569,0 -65.7488,-45.0568,0 -65.74909999999998,-45.0568,0 -65.7495,-45.0568,0 -65.7501,-45.0568,0 -65.7508,-45.0568,0 -65.7518,-45.0568,0 -65.7529,-45.0568,0 -65.7542,-45.0568,0 -65.7556,-45.0569,0 -65.757,-45.0569,0 -65.7585,-45.0569,0 -65.75999999999999,-45.056999999999995,0 -65.7614,-45.056999999999995,0 -65.76269999999998,-45.056999999999995,0 -65.7638,-45.0569,0 -65.7648,-45.0569,0 -65.7657,-45.0568,0 -65.7664,-45.0568,0 -65.7671,-45.05669999999999,0 -65.7676,-45.05660000000001,0 -65.7681,-45.0565,0 -65.7685,-45.0565,0 -65.7689,-45.0564,0 -65.7693,-45.0564,0 -65.7696,-45.0563,0 -65.77,-45.0563,0 -65.77029999999999,-45.0562,0 -65.7707,-45.0561,0 -65.77119999999998,-45.0561,0 -65.7716,-45.05599999999999,0 -65.7722,-45.0559,0 -65.7728,-45.0557,0 -65.77349999999998,-45.0556,0 -65.77419999999998,-45.05539999999999,0 -65.7749,-45.05519999999999,0 -65.77569999999999,-45.055,0 -65.77639999999998,-45.05479999999999,0 -65.7771,-45.05449999999999,0 -65.7777,-45.054300000000005,0 -65.77829999999999,-45.0541,0 -65.7789,-45.0538,0 -65.7795,-45.0536,0 -65.78,-45.053399999999996,0 -65.7805,-45.0532,0 -65.781,-45.05309999999999,0 -65.78139999999999,-45.05299999999999,0 -65.7818,-45.05299999999999,0 -65.7822,-45.05299999999999,0 -65.7825,-45.05309999999999,0 -65.7828,-45.0532,0 -65.7831,-45.053399999999996,0 -65.7834,-45.0535,0 -65.7836,-45.0537,0 -65.7838,-45.0539,0 -65.784,-45.0541,0 -65.78419999999998,-45.054300000000005,0 -65.7843,-45.05449999999999,0 -65.7844,-45.05479999999999,0 -65.7844,-45.055,0 -65.7845,-45.05519999999999,0 -65.7845,-45.05539999999999,0 -65.7845,-45.0556,0 -65.7844,-45.0558,0 -65.7844,-45.05599999999999,0 -65.7843,-45.0562,0 -65.78409999999998,-45.0564,0 -65.784,-45.05669999999999,0 -65.78389999999999,-45.056999999999995,0 -65.78369999999998,-45.0573,0 -65.7836,-45.0577,0 -65.7834,-45.058099999999996,0 -65.7833,-45.05859999999999,0 -65.7831,-45.059099999999994,0 -65.783,-45.059599999999996,0 -65.7829,-45.060199999999995,0 -65.7828,-45.06089999999999,0 -65.7827,-45.0615,0 -65.7826,-45.06219999999999,0 -65.7825,-45.0628,0 -65.7824,-45.06349999999999,0 -65.7824,-45.06419999999999,0 -65.7823,-45.0649,0 -65.7822,-45.0655,0 -65.7822,-45.066199999999995,0 -65.78199999999998,-45.0668,0 -65.7819,-45.0674,0 -65.78159999999998,-45.068,0 -65.78139999999999,-45.06849999999999,0 -65.78129999999999,-45.06909999999999,0 -65.7812,-45.069700000000005,0 -65.78139999999999,-45.07039999999999,0 -65.7817,-45.071200000000005,0 -65.7822,-45.07209999999999,0 -65.7831,-45.07309999999999,0 -65.7844,-45.074299999999994,0 -65.7859,-45.075599999999994,0 -65.7876,-45.0769,0 -65.78960000000001,-45.0783,0 -65.7916,-45.0797,0 -65.7937,-45.08089999999999,0 -65.7957,-45.0821,0 -65.7977,-45.083099999999995,0 -65.7996,-45.0838,0 -65.8014,-45.084399999999995,0 -65.80299999999998,-45.0848,0 -65.8045,-45.0851,0 -65.8059,-45.0853,0 -65.8071,-45.0854,0 -65.8083,-45.0854,0 -65.8094,-45.0854,0 -65.81049999999999,-45.0854,0 -65.8114,-45.0853,0 -65.8124,-45.0853,0 -65.8132,-45.0852,0 -65.8141,-45.0852,0 -65.8149,-45.0851,0 -65.81569999999999,-45.08489999999999,0 -65.8165,-45.0848,0 -65.8173,-45.08460000000001,0 -65.81810000000002,-45.084399999999995,0 -65.81899999999999,-45.0842,0 -65.8198,-45.0839,0 -65.8206,-45.08369999999999,0 -65.8214,-45.08339999999999,0 -65.82219999999998,-45.083099999999995,0 -65.823,-45.0828,0 -65.8238,-45.08239999999999,0 -65.8245,-45.0821,0 -65.8252,-45.081699999999984,0 -65.8259,-45.081399999999995,0 -65.82649999999998,-45.081,0 -65.8272,-45.08059999999999,0 -65.8278,-45.0802,0 -65.82839999999999,-45.0797,0 -65.829,-45.0793,0 -65.82959999999999,-45.078799999999994,0 -65.8302,-45.0783,0 -65.8308,-45.0777,0 -65.8313,-45.07719999999999,0 -65.8318,-45.0767,0 -65.8322,-45.0762,0 -65.83259999999999,-45.07569999999999,0 -65.833,-45.075199999999995,0 -65.8333,-45.0747,0 -65.8335,-45.074299999999994,0 -65.8338,-45.073800000000006,0 -65.834,-45.073399999999985,0 -65.8342,-45.07309999999999,0 -65.83429999999998,-45.07269999999999,0 -65.83449999999999,-45.07239999999999,0 -65.8346,-45.0722,0 -65.83469999999998,-45.07189999999999,0 -65.8348,-45.07169999999999,0 -65.8349,-45.07139999999999,0 -65.83509999999998,-45.071200000000005,0 -65.83519999999999,-45.0709,0 -65.8353,-45.07059999999999,0 -65.8354,-45.0702,0 -65.8356,-45.0698,0 -65.8357,-45.06929999999999,0 -65.8359,-45.0688,0 -65.836,-45.0683,0 -65.83619999999999,-45.0678,0 -65.8363,-45.06730000000001,0 -65.8364,-45.06689999999999,0 -65.8365,-45.0665,0 -65.8366,-45.06609999999999,0 -65.8366,-45.0659,0 -65.8366,-45.0657,0 -65.8367,-45.0655,0 -65.8367,-45.0654,0 -65.8367,-45.0654,0 -65.8367,-45.06529999999999,0 -65.8367,-45.06529999999999,0 -65.8367,-45.0652,0 -65.8367,-45.0652,0 -65.8368,-45.0652,0 -65.83689999999999,-45.0652,0 -65.83709999999999,-45.06529999999999,0 -65.8374,-45.06529999999999,0 -65.8379,-45.06529999999999,0 -65.8385,-45.0654,0 -65.8393,-45.0655,0 -65.84020000000001,-45.0656,0 -65.8411,-45.0657,0 -65.8422,-45.0658,0 -65.84319999999998,-45.0659,0 -65.8442,-45.06609999999999,0 -65.84509999999999,-45.06609999999999,0 -65.8459,-45.066199999999995,0 -65.8466,-45.06629999999999,0 -65.8471,-45.06629999999999,0 -65.8475,-45.0664,0 -65.84789999999998,-45.0664,0 -65.8482,-45.0664,0 -65.84839999999998,-45.0665,0 -65.8487,-45.0666,0 -65.8491,-45.0667,0 -65.8495,-45.0668,0 -65.8499,-45.067,0 -65.8504,-45.067099999999996,0 -65.85099999999998,-45.06730000000001,0 -65.8515,-45.0676,0 -65.8521,-45.0677,0 -65.8527,-45.0679,0 -65.85329999999999,-45.068099999999994,0 -65.8538,-45.0682,0 -65.8544,-45.06839999999999,0 -65.8549,-45.06849999999999,0 -65.85549999999999,-45.0686,0 -65.856,-45.0687,0 -65.85659999999999,-45.0688,0 -65.8571,-45.06889999999999,0 -65.8577,-45.06909999999999,0 -65.85829999999999,-45.06929999999999,0 -65.8589,-45.0695,0 -65.8596,-45.0696,0 -65.8604,-45.0698,0 -65.86129999999999,-45.069900000000004,0 -65.8623,-45.069900000000004,0 -65.86349999999999,-45.0698,0 -65.86499999999998,-45.0696,0 -65.8666,-45.06929999999999,0 -65.8685,-45.06889999999999,0 -65.8704,-45.0683,0 -65.8724,-45.0677,0 -65.8744,-45.067,0 -65.87639999999999,-45.066199999999995,0 -65.8783,-45.0654,0 -65.87989999999999,-45.064499999999995,0 -65.8814,-45.063599999999994,0 -65.88269999999999,-45.0627,0 -65.88379999999998,-45.0618,0 -65.8848,-45.06089999999999,0 -65.8856,-45.0601,0 -65.8863,-45.05929999999999,0 -65.8869,-45.0587,0 -65.88749999999999,-45.058099999999996,0 -65.888,-45.0576,0 -65.8884,-45.0573,0 -65.8889,-45.056999999999995,0 -65.8894,-45.0568,0 -65.8899,-45.05660000000001,0 -65.89049999999999,-45.0565,0 -65.89119999999998,-45.0564,0 -65.892,-45.0563,0 -65.8928,-45.0562,0 -65.8938,-45.0561,0 -65.8948,-45.05599999999999,0 -65.89589999999998,-45.05599999999999,0 -65.8969,-45.0561,0 -65.89790000000002,-45.0562,0 -65.8988,-45.0565,0 -65.8996,-45.0569,0 -65.9002,-45.057399999999994,0 -65.9007,-45.058,0 -65.9012,-45.0588,0 -65.9016,-45.0595,0 -65.90199999999999,-45.06029999999999,0 -65.9024,-45.06099999999999,0 -65.90299999999999,-45.0616,0 -65.9036,-45.06210000000001,0 -65.9044,-45.06249999999999,0 -65.9053,-45.0628,0 -65.9062,-45.062999999999995,0 -65.9072,-45.0631,0 -65.9082,-45.0631,0 -65.9091,-45.062999999999995,0 -65.90999999999998,-45.062999999999995,0 -65.9107,-45.0629,0 -65.9113,-45.0629,0 -65.9117,-45.0628,0 -65.912,-45.0628,0 -65.91229999999999,-45.0628,0 -65.91249999999998,-45.0628,0 -65.9127,-45.0628,0 -65.91290000000001,-45.0628,0 -65.9131,-45.0628,0 -65.9134,-45.0628,0 -65.9137,-45.0629,0 -65.91409999999999,-45.0629,0 -65.91449999999999,-45.062999999999995,0 -65.915,-45.0631,0 -65.9155,-45.0632,0 -65.916,-45.06349999999999,0 -65.91659999999999,-45.06369999999999,0 -65.91709999999999,-45.06410000000001,0 -65.91769999999998,-45.064499999999995,0 -65.9183,-45.0649,0 -65.9189,-45.06529999999999,0 -65.9195,-45.0658,0 -65.92000000000002,-45.066199999999995,0 -65.9205,-45.0666,0 -65.9209,-45.06689999999999,0 -65.92130000000002,-45.067099999999996,0 -65.9216,-45.06730000000001,0 -65.922,-45.067499999999995,0 -65.92229999999999,-45.0677,0 -65.9228,-45.068,0 -65.9233,-45.06839999999999,0 -65.924,-45.06889999999999,0 -65.92479999999999,-45.0696,0 -65.9258,-45.0705,0 -65.92699999999999,-45.07159999999999,0 -65.92829999999998,-45.07269999999999,0 -65.9296,-45.073800000000006,0 -65.9311,-45.074799999999996,0 -65.9325,-45.07569999999999,0 -65.934,-45.0764,0 -65.93539999999999,-45.0768,0 -65.9367,-45.0769,0 -65.9379,-45.07659999999999,0 -65.93909999999998,-45.0762,0 -65.9402,-45.075599999999994,0 -65.9412,-45.075,0 -65.9423,-45.074299999999994,0 -65.9433,-45.0737,0 -65.94429999999998,-45.0732,0 -65.94530000000002,-45.0729,0 -65.94619999999999,-45.07269999999999,0 -65.9472,-45.0726,0 -65.9481,-45.0726,0 -65.94899999999998,-45.07269999999999,0 -65.9499,-45.07269999999999,0 -65.9506,-45.07269999999999,0 -65.9513,-45.0726,0 -65.9519,-45.07239999999999,0 -65.9524,-45.07209999999999,0 -65.9528,-45.0718,0 -65.9533,-45.07139999999999,0 -65.9537,-45.07099999999999,0 -65.95419999999999,-45.07059999999999,0 -65.9546,-45.0702,0 -65.9552,-45.06999999999999,0 -65.9558,-45.0698,0 -65.9565,-45.069700000000005,0 -65.95729999999999,-45.069700000000005,0 -65.9581,-45.069700000000005,0 -65.959,-45.0698,0 -65.95989999999999,-45.069900000000004,0 -65.9604,-45.069900000000004,0 -65.96480000000001,-45.0722,0 -65.9695,-45.072,0 -65.9747,-45.0703,0 -65.98339999999999,-45.06929999999999,0 -65.9889,-45.0652,0 -65.9938,-45.05929999999999,0 -65.9948,-45.053399999999996,0 -65.9927,-45.0446,0 -65.98949999999999,-45.0417,0 -65.9976,-45.03439999999999,0 -66.001,-45.0297,0 -66.0049,-45.0266,0 -66.0049,-45.0362,0 -66.0045,-45.0654,0 -65.9964,-45.0711,0 -65.9934,-45.073800000000006,0 -65.9873,-45.074,0 -65.9806,-45.075599999999994,0 -65.975,-45.0801,0 -65.97349999999999,-45.08239999999999,0 -65.9675,-45.08109999999999,0 -65.9626,-45.0822,0 -65.9545,-45.0861,0 -65.9511,-45.0899,0 -65.94759999999998,-45.093199999999996,0 -65.93849999999999,-45.094199999999994,0 -65.9305,-45.1028,0 -65.9294,-45.10709999999999,0 -65.9264,-45.10909999999999,0 -65.9224,-45.1149,0 -65.92179999999999,-45.1202,0 -65.9232,-45.1285,0 -65.92619999999998,-45.1328,0 -65.93389999999998,-45.1375,0 -65.9416,-45.13770000000001,0 -65.94400000000002,-45.1375,0 -65.9479,-45.1375,0 -65.9505,-45.13770000000001,0 -65.9525,-45.1373,0 -65.9545,-45.13770000000001,0 -65.9576,-45.13770000000001,0 -65.9608,-45.1369,0 -65.96480000000001,-45.135299999999994,0 -65.96789999999999,-45.1332,0 -65.9699,-45.13179999999999,0 -65.9715,-45.1298,0 -65.9762,-45.1287,0 -65.9804,-45.12689999999999,0 -65.98339999999999,-45.12689999999999,0 -65.9847,-45.12729999999999,0 -65.9881,-45.1277,0 -65.9907,-45.1279,0 -65.9938,-45.12729999999999,0 -65.9966,-45.12729999999999,0 -66,-45.12689999999999,0 -66.0014,-45.1259,0 -66.0043,-45.1238,0 -66.0097,-45.123,0 -66.01319999999998,-45.12199999999999,0 -66.0168,-45.1202,0 -66.0209,-45.11749999999999,0 -66.0281,-45.1116,0 -66.0324,-45.1057,0 -66.03319999999998,-45.1014,0 -66.1309,-45.1016,0 -66.23829999999998,-45.1014,0 -66.34299999999999,-45.1014,0 -66.3885,-45.1012,0 -66.3894,-45.10189999999999,0 -66.39050000000002,-45.102599999999995,0 -66.3915,-45.1031,0 -66.39239999999998,-45.1035,0 -66.3932,-45.1038,0 -66.3938,-45.104,0 -66.3944,-45.10419999999999,0 -66.3949,-45.1043,0 -66.3953,-45.104499999999994,0 -66.3957,-45.10459999999999,0 -66.3961,-45.1048,0 -66.3967,-45.10499999999999,0 -66.39729999999999,-45.1052,0 -66.3982,-45.1055,0 -66.3988,-45.106,0 -66.39989999999999,-45.1069,0 -66.4009,-45.10759999999999,0 -66.4018,-45.1082,0 -66.40269999999998,-45.108799999999995,0 -66.4035,-45.109199999999994,0 -66.4042,-45.1096,0 -66.4049,-45.10999999999999,0 -66.4056,-45.1103,0 -66.40619999999998,-45.1105,0 -66.4068,-45.1108,0 -66.40729999999999,-45.111,0 -66.4078,-45.1112,0 -66.40829999999998,-45.1114,0 -66.40879999999999,-45.1115,0 -66.4092,-45.111699999999985,0 -66.4095,-45.1118,0 -66.4099,-45.111999999999995,0 -66.4104,-45.112199999999994,0 -66.4108,-45.11229999999999,0 -66.41139999999999,-45.11249999999999,0 -66.4122,-45.11259999999999,0 -66.41309999999999,-45.11280000000001,0 -66.41419999999998,-45.112899999999996,0 -66.4156,-45.113,0 -66.4172,-45.113099999999996,0 -66.419,-45.113099999999996,0 -66.421,-45.113,0 -66.4233,-45.1127,0 -66.4258,-45.11229999999999,0 -66.4284,-45.1116,0 -66.4313,-45.11070000000001,0 -66.4344,-45.1096,0 -66.4376,-45.1082,0 -66.4409,-45.1068,0 -66.4441,-45.1055,0 -66.4471,-45.1043,0 -66.44999999999999,-45.1034,0 -66.45259999999999,-45.1029,0 -66.4549,-45.1029,0 -66.4567,-45.1035,0 -66.45819999999999,-45.104499999999994,0 -66.4594,-45.1059,0 -66.46039999999999,-45.10759999999999,0 -66.4614,-45.1093,0 -66.46219999999998,-45.111,0 -66.46320000000001,-45.11249999999999,0 -66.46429999999998,-45.1137,0 -66.4656,-45.1146,0 -66.467,-45.115,0 -66.4686,-45.1152,0 -66.4702,-45.1153,0 -66.47189999999999,-45.1152,0 -66.4735,-45.115,0 -66.47509999999998,-45.1149,0 -66.4765,-45.115,0 -66.4778,-45.1152,0 -66.4789,-45.1156,0 -66.47989999999999,-45.116,0 -66.4809,-45.1166,0 -66.4819,-45.1171,0 -66.48289999999999,-45.1176,0 -66.484,-45.117999999999995,0 -66.4852,-45.1183,0 -66.4865,-45.1183,0 -66.4879,-45.1182,0 -66.4895,-45.117999999999995,0 -66.4911,-45.11769999999999,0 -66.49279999999999,-45.117399999999996,0 -66.4945,-45.1171,0 -66.4962,-45.1168,0 -66.4978,-45.1166,0 -66.4994,-45.1165,0 -66.5009,-45.1165,0 -66.50239999999998,-45.1166,0 -66.5037,-45.1167,0 -66.50499999999998,-45.116899999999994,0 -66.5061,-45.11719999999999,0 -66.50709999999998,-45.117399999999996,0 -66.508,-45.1176,0 -66.5087,-45.117799999999995,0 -66.50930000000001,-45.117999999999995,0 -66.5098,-45.11809999999999,0 -66.5102,-45.1182,0 -66.5105,-45.118399999999994,0 -66.5108,-45.11849999999999,0 -66.511,-45.1186,0 -66.5111,-45.1187,0 -66.5113,-45.11879999999999,0 -66.5114,-45.118900000000004,0 -66.5115,-45.11899999999999,0 -66.51159999999999,-45.1191,0 -66.51169999999999,-45.1191,0 -66.5118,-45.11919999999999,0 -66.5119,-45.119299999999996,0 -66.5119,-45.119299999999996,0 -66.512,-45.11939999999999,0 -66.512,-45.11939999999999,0 -66.512,-45.11939999999999,0 -66.512,-45.1195,0 -66.51209999999999,-45.1195,0 -66.51209999999999,-45.1195,0 -66.51209999999999,-45.11959999999999,0 -66.51209999999999,-45.11959999999999,0 -66.51209999999999,-45.119699999999995,0 -66.5122,-45.119699999999995,0 -66.5122,-45.119799999999984,0 -66.5122,-45.1199,0 -66.51229999999998,-45.11999999999999,0 -66.51229999999998,-45.1202,0 -66.5124,-45.12029999999999,0 -66.5124,-45.12050000000001,0 -66.5125,-45.120599999999996,0 -66.5125,-45.1208,0 -66.5126,-45.120999999999995,0 -66.51269999999998,-45.121199999999995,0 -66.51269999999998,-45.121399999999994,0 -66.5128,-45.12160000000001,0 -66.5129,-45.12180000000001,0 -66.5129,-45.12199999999999,0 -66.513,-45.1221,0 -66.5131,-45.122299999999996,0 -66.5131,-45.122499999999995,0 -66.5131,-45.1226,0 -66.5132,-45.12270000000001,0 -66.5132,-45.12289999999999,0 -66.5133,-45.123,0 -66.5133,-45.1231,0 -66.5133,-45.1232,0 -66.5133,-45.1232,0 -66.5133,-45.12329999999999,0 -66.5133,-45.1234,0 -66.5133,-45.1235,0 -66.5133,-45.12360000000001,0 -66.5134,-45.1237,0 -66.5134,-45.1239,0 -66.5134,-45.1241,0 -66.5134,-45.12429999999999,0 -66.5134,-45.12449999999999,0 -66.5134,-45.12469999999999,0 -66.5134,-45.1249,0 -66.5134,-45.12519999999999,0 -66.5134,-45.1254,0 -66.5134,-45.1257,0 -66.5134,-45.1259,0 -66.5134,-45.12610000000001,0 -66.5133,-45.12629999999999,0 -66.5133,-45.1265,0 -66.5133,-45.1266,0 -66.5132,-45.1267,0 -66.5131,-45.126799999999996,0 -66.513,-45.126799999999996,0 -66.5129,-45.1267,0 -66.51269999999998,-45.1267,0 -66.5125,-45.1266,0 -66.5122,-45.1265,0 -66.51169999999999,-45.1265,0 -66.51120000000002,-45.1264,0 -66.5105,-45.1264,0 -66.5096,-45.1265,0 -66.50859999999999,-45.1267,0 -66.5074,-45.12689999999999,0 -66.5061,-45.12709999999999,0 -66.5048,-45.127399999999994,0 -66.5033,-45.1277,0 -66.5019,-45.128,0 -66.5005,-45.1282,0 -66.49909999999998,-45.1284,0 -66.4977,-45.12859999999999,0 -66.49649999999998,-45.1287,0 -66.4953,-45.1287,0 -66.4941,-45.1288,0 -66.4931,-45.1288,0 -66.4921,-45.1288,0 -66.4912,-45.1289,0 -66.4904,-45.129,0 -66.4897,-45.1292,0 -66.489,-45.1293,0 -66.4884,-45.1296,0 -66.4879,-45.1298,0 -66.4874,-45.13,0 -66.487,-45.1302,0 -66.4866,-45.1304,0 -66.48619999999998,-45.1305,0 -66.4858,-45.1307,0 -66.48549999999999,-45.1307,0 -66.4852,-45.1307,0 -66.48479999999999,-45.1307,0 -66.4845,-45.1307,0 -66.4842,-45.1307,0 -66.4839,-45.1306,0 -66.4835,-45.1305,0 -66.48309999999998,-45.1305,0 -66.48270000000001,-45.1304,0 -66.4823,-45.130300000000005,0 -66.4819,-45.130300000000005,0 -66.4814,-45.1302,0 -66.48099999999998,-45.1302,0 -66.4805,-45.13009999999999,0 -66.48010000000001,-45.13,0 -66.47959999999999,-45.13,0 -66.4791,-45.12989999999999,0 -66.4787,-45.1298,0 -66.4782,-45.1297,0 -66.47769999999998,-45.1297,0 -66.47729999999999,-45.1296,0 -66.47679999999998,-45.12949999999999,0 -66.4763,-45.12949999999999,0 -66.4757,-45.12939999999999,0 -66.4752,-45.1293,0 -66.4746,-45.1293,0 -66.47399999999999,-45.1292,0 -66.4733,-45.1292,0 -66.47249999999998,-45.1291,0 -66.4717,-45.1291,0 -66.4707,-45.129,0 -66.4697,-45.1289,0 -66.4686,-45.1288,0 -66.46739999999998,-45.1288,0 -66.46619999999999,-45.1287,0 -66.4649,-45.1287,0 -66.46369999999999,-45.1287,0 -66.4625,-45.1288,0 -66.4614,-45.1289,0 -66.46039999999999,-45.129,0 -66.4594,-45.1292,0 -66.4584,-45.12939999999999,0 -66.4575,-45.1297,0 -66.4565,-45.13,0 -66.45539999999998,-45.130300000000005,0 -66.45419999999999,-45.1306,0 -66.4529,-45.130900000000004,0 -66.4515,-45.131299999999996,0 -66.44999999999999,-45.131600000000006,0 -66.4483,-45.13199999999999,0 -66.4467,-45.1326,0 -66.4451,-45.13329999999999,0 -66.4435,-45.13419999999999,0 -66.4421,-45.1354,0 -66.44079999999998,-45.1368,0 -66.43980000000002,-45.1386,0 -66.4389,-45.1406,0 -66.43819999999998,-45.142799999999994,0 -66.4376,-45.145,0 -66.43709999999999,-45.147299999999994,0 -66.43679999999999,-45.1494,0 -66.4365,-45.151399999999995,0 -66.4362,-45.1531,0 -66.436,-45.1544,0 -66.4358,-45.1555,0 -66.43559999999998,-45.15630000000001,0 -66.4355,-45.15689999999999,0 -66.43539999999999,-45.1573,0 -66.4353,-45.157500000000006,0 -66.43519999999998,-45.1577,0 -66.43519999999998,-45.157799999999995,0 -66.43519999999998,-45.15789999999999,0 -66.43519999999998,-45.157999999999994,0 -66.4353,-45.15809999999999,0 -66.4353,-45.1582,0 -66.43539999999999,-45.15829999999999,0 -66.4355,-45.158500000000004,0 -66.4355,-45.15859999999999,0 -66.43559999999998,-45.158899999999996,0 -66.43559999999998,-45.15910000000001,0 -66.4357,-45.1594,0 -66.4357,-45.1597,0 -66.4358,-45.16,0 -66.436,-45.16029999999999,0 -66.4362,-45.16069999999999,0 -66.4365,-45.16099999999999,0 -66.437,-45.16129999999999,0 -66.4376,-45.16159999999999,0 -66.4383,-45.16180000000001,0 -66.439,-45.16199999999999,0 -66.43980000000002,-45.1622,0 -66.4407,-45.1624,0 -66.4414,-45.162499999999994,0 -66.4422,-45.162600000000005,0 -66.4428,-45.1628,0 -66.44329999999998,-45.1628,0 -66.44370000000002,-45.16289999999999,0 -66.4439,-45.16299999999999,0 -66.4442,-45.1631,0 -66.4443,-45.1632,0 -66.4444,-45.1634,0 -66.4445,-45.1636,0 -66.4446,-45.16389999999999,0 -66.4447,-45.1643,0 -66.44489999999999,-45.16480000000001,0 -66.4451,-45.16530000000001,0 -66.4454,-45.166,0 -66.4458,-45.16669999999999,0 -66.4463,-45.1675,0 -66.447,-45.1683,0 -66.4478,-45.16929999999999,0 -66.4487,-45.170399999999994,0 -66.4499,-45.1715,0 -66.45109999999998,-45.1726,0 -66.4523,-45.1737,0 -66.4536,-45.17479999999999,0 -66.4549,-45.17569999999999,0 -66.4561,-45.176599999999986,0 -66.4572,-45.17739999999999,0 -66.45819999999999,-45.178,0 -66.459,-45.1784,0 -66.4597,-45.1787,0 -66.4603,-45.17889999999999,0 -66.46079999999999,-45.17900000000001,0 -66.4612,-45.17909999999999,0 -66.4616,-45.17909999999999,0 -66.462,-45.17909999999999,0 -66.46219999999998,-45.17909999999999,0 -66.4625,-45.1792,0 -66.4627,-45.1792,0 -66.4629,-45.1793,0 -66.4631,-45.179399999999994,0 -66.4633,-45.1796,0 -66.4634,-45.1798,0 -66.4635,-45.18,0 -66.46359999999999,-45.1803,0 -66.46369999999999,-45.1807,0 -66.4638,-45.18109999999999,0 -66.4639,-45.1815,0 -66.464,-45.1819,0 -66.464,-45.1823,0 -66.46409999999999,-45.182599999999994,0 -66.46409999999999,-45.183,0 -66.4642,-45.1833,0 -66.46429999999998,-45.1836,0 -66.46429999999998,-45.1838,0 -66.4644,-45.18410000000001,0 -66.4644,-45.1843,0 -66.4645,-45.18449999999999,0 -66.4645,-45.18469999999999,0 -66.4646,-45.1849,0 -66.4646,-45.185100000000006,0 -66.46469999999998,-45.1854,0 -66.46469999999998,-45.185599999999994,0 -66.46479999999998,-45.1859,0 -66.4649,-45.18630000000001,0 -66.465,-45.1867,0 -66.4652,-45.1871,0 -66.4654,-45.187599999999996,0 -66.4657,-45.1881,0 -66.466,-45.1887,0 -66.46629999999999,-45.1893,0 -66.46669999999999,-45.1899,0 -66.467,-45.1905,0 -66.46729999999998,-45.191,0 -66.4676,-45.1915,0 -66.4679,-45.19189999999999,0 -66.4681,-45.19219999999999,0 -66.4683,-45.192499999999995,0 -66.4684,-45.192699999999995,0 -66.4684,-45.19279999999999,0 -66.4685,-45.19290000000001,0 -66.4685,-45.19290000000001,0 -66.4685,-45.19290000000001,0 -66.4685,-45.19290000000001,0 -66.4685,-45.19290000000001,0 -66.4685,-45.19290000000001,0 -66.4686,-45.193,0 -66.4687,-45.193200000000004,0 -66.46889999999999,-45.1934,0 -66.4691,-45.1938,0 -66.4694,-45.1943,0 -66.46989999999998,-45.19499999999999,0 -66.4705,-45.1959,0 -66.4711,-45.19689999999999,0 -66.47189999999999,-45.1981,0 -66.4726,-45.19929999999999,0 -66.4734,-45.200399999999995,0 -66.4741,-45.2016,0 -66.4748,-45.20259999999999,0 -66.47539999999998,-45.20349999999999,0 -66.4758,-45.2042,0 -66.4762,-45.2048,0 -66.4765,-45.205299999999994,0 -66.4767,-45.2057,0 -66.47699999999999,-45.20629999999999,0 -66.47729999999999,-45.2069,0 -66.47769999999998,-45.207699999999996,0 -66.4782,-45.20869999999999,0 -66.4788,-45.209999999999994,0 -66.47959999999999,-45.2115,0 -66.4804,-45.2132,0 -66.4813,-45.21489999999999,0 -66.4823,-45.2167,0 -66.4832,-45.2184,0 -66.4842,-45.22,0 -66.4852,-45.22140000000001,0 -66.48609999999998,-45.2225,0 -66.4869,-45.2235,0 -66.48769999999999,-45.2242,0 -66.4884,-45.2248,0 -66.4891,-45.22529999999999,0 -66.4896,-45.2258,0 -66.49,-45.2262,0 -66.49029999999999,-45.226699999999994,0 -66.4904,-45.2272,0 -66.4905,-45.22769999999999,0 -66.4906,-45.2284,0 -66.4908,-45.229099999999995,0 -66.4911,-45.2298,0 -66.4916,-45.2305,0 -66.4924,-45.23129999999999,0 -66.4936,-45.232099999999996,0 -66.4951,-45.23299999999999,0 -66.497,-45.2338,0 -66.49909999999998,-45.2346,0 -66.50149999999998,-45.235499999999995,0 -66.504,-45.23629999999999,0 -66.5066,-45.237,0 -66.5092,-45.2377,0 -66.51169999999999,-45.2383,0 -66.5141,-45.2389,0 -66.51640000000002,-45.2394,0 -66.5185,-45.23980000000001,0 -66.5204,-45.2401,0 -66.52219999999998,-45.240399999999994,0 -66.5237,-45.24069999999999,0 -66.5251,-45.2408,0 -66.5263,-45.24099999999999,0 -66.5272,-45.241099999999996,0 -66.528,-45.241099999999996,0 -66.5286,-45.241099999999996,0 -66.529,-45.241099999999996,0 -66.5294,-45.241099999999996,0 -66.5298,-45.241099999999996,0 -66.5301,-45.241099999999996,0 -66.53049999999999,-45.241099999999996,0 -66.53089999999999,-45.241099999999996,0 -66.5314,-45.2412,0 -66.5319,-45.241299999999995,0 -66.5325,-45.241399999999985,0 -66.53299999999999,-45.2415,0 -66.5336,-45.24159999999999,0 -66.53409999999998,-45.2417,0 -66.5347,-45.2418,0 -66.5351,-45.2419,0 -66.53559999999999,-45.2421,0 -66.53609999999999,-45.2422,0 -66.53669999999998,-45.2423,0 -66.5373,-45.2423,0 -66.538,-45.2424,0 -66.5388,-45.2424,0 -66.5398,-45.2425,0 -66.5409,-45.2425,0 -66.5422,-45.2424,0 -66.5435,-45.2424,0 -66.5449,-45.2423,0 -66.54639999999999,-45.2422,0 -66.54779999999998,-45.242,0 -66.54919999999998,-45.2419,0 -66.5505,-45.24159999999999,0 -66.5516,-45.241399999999985,0 -66.5527,-45.241099999999996,0 -66.5537,-45.24069999999999,0 -66.55459999999998,-45.240399999999994,0 -66.55549999999998,-45.24,0 -66.5565,-45.2397,0 -66.55739999999999,-45.2393,0 -66.5585,-45.2389,0 -66.5597,-45.238499999999995,0 -66.5609,-45.2382,0 -66.5621,-45.2378,0 -66.56329999999998,-45.23749999999999,0 -66.5645,-45.23720000000001,0 -66.5656,-45.23689999999999,0 -66.56659999999998,-45.2366,0 -66.5675,-45.236399999999996,0 -66.5682,-45.23619999999999,0 -66.5687,-45.236,0 -66.5691,-45.235899999999994,0 -66.5693,-45.23570000000001,0 -66.5696,-45.23559999999999,0 -66.5698,-45.235499999999995,0 -66.57,-45.235400000000006,0 -66.57019999999999,-45.235299999999995,0 -66.57039999999999,-45.2352,0 -66.57069999999999,-45.235099999999996,0 -66.57109999999999,-45.235,0 -66.5714,-45.2349,0 -66.5718,-45.2348,0 -66.57209999999999,-45.2347,0 -66.5725,-45.2346,0 -66.57279999999999,-45.23440000000001,0 -66.573,-45.234199999999994,0 -66.57319999999999,-45.23400000000001,0 -66.5734,-45.2338,0 -66.5736,-45.2337,0 -66.57369999999999,-45.2335,0 -66.57389999999998,-45.2333,0 -66.574,-45.23309999999999,0 -66.5742,-45.2329,0 -66.5744,-45.232800000000005,0 -66.5745,-45.2327,0 -66.57469999999999,-45.2327,0 -66.5749,-45.2327,0 -66.5751,-45.2327,0 -66.5752,-45.2329,0 -66.5753,-45.2332,0 -66.57539999999999,-45.2335,0 -66.57539999999999,-45.23400000000001,0 -66.57539999999999,-45.2345,0 -66.5755,-45.235099999999996,0 -66.5757,-45.23570000000001,0 -66.5759,-45.23619999999999,0 -66.5764,-45.2367,0 -66.5771,-45.2371,0 -66.57799999999999,-45.237399999999994,0 -66.5793,-45.23749999999999,0 -66.58070000000001,-45.237399999999994,0 -66.5824,-45.23729999999999,0 -66.58409999999999,-45.237,0 -66.5859,-45.2368,0 -66.5876,-45.2365,0 -66.58919999999999,-45.23619999999999,0 -66.5906,-45.236,0 -66.5917,-45.23579999999999,0 -66.5926,-45.23570000000001,0 -66.5933,-45.23570000000001,0 -66.5939,-45.23570000000001,0 -66.5944,-45.23570000000001,0 -66.5948,-45.23559999999999,0 -66.5952,-45.23559999999999,0 -66.5956,-45.23559999999999,0 -66.59609999999999,-45.235499999999995,0 -66.5966,-45.235299999999995,0 -66.5971,-45.235099999999996,0 -66.59769999999999,-45.235,0 -66.59829999999998,-45.2348,0 -66.5989,-45.2346,0 -66.59939999999999,-45.23440000000001,0 -66.59999999999998,-45.2343,0 -66.60049999999998,-45.234199999999994,0 -66.60089999999998,-45.234100000000005,0 -66.6014,-45.23400000000001,0 -66.6017,-45.23400000000001,0 -66.6021,-45.23400000000001,0 -66.60239999999999,-45.23389999999999,0 -66.60269999999998,-45.23389999999999,0 -66.60289999999999,-45.2338,0 -66.60309999999998,-45.2337,0 -66.6033,-45.2337,0 -66.60349999999998,-45.2335,0 -66.6037,-45.233399999999996,0 -66.6038,-45.2333,0 -66.604,-45.2332,0 -66.6041,-45.23309999999999,0 -66.6043,-45.23299999999999,0 -66.6044,-45.2329,0 -66.60459999999999,-45.232800000000005,0 -66.6049,-45.2327,0 -66.6053,-45.2327,0 -66.6059,-45.2327,0 -66.6067,-45.232800000000005,0 -66.60779999999998,-45.2329,0 -66.6091,-45.23299999999999,0 -66.6107,-45.23309999999999,0 -66.6126,-45.2333,0 -66.6147,-45.2335,0 -66.6168,-45.2338,0 -66.61889999999998,-45.23400000000001,0 -66.6209,-45.234100000000005,0 -66.6228,-45.2343,0 -66.62429999999999,-45.2343,0 -66.6256,-45.23440000000001,0 -66.6265,-45.2343,0 -66.6272,-45.234199999999994,0 -66.6278,-45.234100000000005,0 -66.6281,-45.23400000000001,0 -66.6284,-45.23389999999999,0 -66.62859999999999,-45.2338,0 -66.6289,-45.2338,0 -66.62919999999998,-45.2338,0 -66.62959999999998,-45.2338,0 -66.63000000000001,-45.2338,0 -66.6305,-45.23389999999999,0 -66.63109999999999,-45.23389999999999,0 -66.6317,-45.23389999999999,0 -66.6324,-45.2338,0 -66.6331,-45.2337,0 -66.63390000000001,-45.233599999999996,0 -66.63479999999998,-45.233399999999996,0 -66.6357,-45.23309999999999,0 -66.6365,-45.232800000000005,0 -66.63739999999999,-45.2325,0 -66.6382,-45.23219999999999,0 -66.639,-45.23199999999999,0 -66.63959999999999,-45.2318,0 -66.64019999999998,-45.2317,0 -66.64069999999998,-45.2316,0 -66.6412,-45.231500000000004,0 -66.6417,-45.231500000000004,0 -66.6423,-45.231500000000004,0 -66.643,-45.231500000000004,0 -66.6439,-45.2316,0 -66.645,-45.2316,0 -66.6463,-45.231500000000004,0 -66.6479,-45.231500000000004,0 -66.6496,-45.231399999999994,0 -66.6514,-45.23129999999999,0 -66.65319999999998,-45.2312,0 -66.6549,-45.2311,0 -66.65649999999998,-45.230999999999995,0 -66.65790000000001,-45.2308,0 -66.659,-45.23069999999999,0 -66.66,-45.2305,0 -66.6607,-45.230399999999996,0 -66.6613,-45.2302,0 -66.66169999999998,-45.2301,0 -66.662,-45.23,0 -66.6622,-45.2299,0 -66.66240000000002,-45.2298,0 -66.6626,-45.229699999999994,0 -66.6628,-45.229699999999994,0 -66.6629,-45.22959999999999,0 -66.6631,-45.22959999999999,0 -66.66329999999999,-45.22959999999999,0 -66.6634,-45.229699999999994,0 -66.66370000000002,-45.229699999999994,0 -66.6639,-45.2298,0 -66.66419999999998,-45.2299,0 -66.66459999999998,-45.23,0 -66.66500000000002,-45.2301,0 -66.6654,-45.2302,0 -66.6658,-45.23029999999999,0 -66.66630000000002,-45.2305,0 -66.6667,-45.2306,0 -66.66719999999998,-45.23069999999999,0 -66.6677,-45.23089999999999,0 -66.6682,-45.230999999999995,0 -66.6686,-45.2312,0 -66.6691,-45.23129999999999,0 -66.6696,-45.231399999999994,0 -66.6701,-45.2316,0 -66.6705,-45.2317,0 -66.6709,-45.2318,0 -66.67139999999999,-45.23199999999999,0 -66.67179999999999,-45.232099999999996,0 -66.6722,-45.2323,0 -66.6726,-45.23239999999999,0 -66.673,-45.2325,0 -66.6733,-45.2327,0 -66.6737,-45.232800000000005,0 -66.67399999999999,-45.2329,0 -66.6743,-45.23299999999999,0 -66.67459999999998,-45.23309999999999,0 -66.6749,-45.2332,0 -66.6752,-45.2333,0 -66.6755,-45.233399999999996,0 -66.6758,-45.2335,0 -66.676,-45.233599999999996,0 -66.6763,-45.2337,0 -66.6766,-45.2338,0 -66.6769,-45.23389999999999,0 -66.6771,-45.23400000000001,0 -66.6774,-45.234199999999994,0 -66.6777,-45.2343,0 -66.67789999999998,-45.23440000000001,0 -66.67809999999999,-45.2345,0 -66.6784,-45.2346,0 -66.6786,-45.2347,0 -66.6787,-45.2348,0 -66.6789,-45.2348,0 -66.679,-45.2349,0 -66.67909999999999,-45.235,0 -66.67909999999999,-45.235099999999996,0 -66.67909999999999,-45.235299999999995,0 -66.67909999999999,-45.235400000000006,0 -66.679,-45.23559999999999,0 -66.6788,-45.23579999999999,0 -66.6786,-45.23610000000001,0 -66.6784,-45.236399999999996,0 -66.6782,-45.2366,0 -66.67789999999998,-45.23689999999999,0 -66.6777,-45.23720000000001,0 -66.6774,-45.2376,0 -66.67719999999998,-45.2379,0 -66.67699999999999,-45.2382,0 -66.6769,-45.238499999999995,0 -66.6767,-45.2388,0 -66.6766,-45.23909999999999,0 -66.6764,-45.2394,0 -66.6763,-45.2397,0 -66.6762,-45.24,0 -66.676,-45.2403,0 -66.6759,-45.2406,0 -66.6758,-45.24099999999999,0 -66.6756,-45.241299999999995,0 -66.6755,-45.2417,0 -66.6754,-45.2421,0 -66.67529999999998,-45.242599999999996,0 -66.6752,-45.2432,0 -66.6752,-45.24379999999999,0 -66.6751,-45.2445,0 -66.6751,-45.24519999999999,0 -66.6751,-45.24589999999999,0 -66.6751,-45.2466,0 -66.6751,-45.247299999999996,0 -66.6752,-45.2479,0 -66.6752,-45.2485,0 -66.67529999999998,-45.24900000000001,0 -66.6754,-45.2494,0 -66.6755,-45.2497,0 -66.6756,-45.25,0 -66.6757,-45.2503,0 -66.6757,-45.25059999999999,0 -66.6758,-45.25090000000001,0 -66.6759,-45.2513,0 -66.676,-45.2517,0 -66.6761,-45.2521,0 -66.6762,-45.2526,0 -66.6763,-45.25299999999999,0 -66.6764,-45.253499999999995,0 -66.67649999999999,-45.2539,0 -66.6766,-45.25429999999999,0 -66.6768,-45.2547,0 -66.6769,-45.255,0 -66.67699999999999,-45.25529999999999,0 -66.67719999999998,-45.255500000000005,0 -66.6773,-45.25569999999999,0 -66.6775,-45.25599999999999,0 -66.67759999999998,-45.25619999999999,0 -66.6778,-45.2564,0 -66.67789999999998,-45.256699999999995,0 -66.67809999999999,-45.25710000000001,0 -66.67829999999998,-45.2575,0 -66.6785,-45.2579,0 -66.6789,-45.25840000000001,0 -66.6794,-45.25889999999999,0 -66.6801,-45.2595,0 -66.681,-45.26,0 -66.6822,-45.26059999999999,0 -66.6836,-45.2612,0 -66.6853,-45.2617,0 -66.6872,-45.26220000000001,0 -66.6892,-45.262699999999995,0 -66.69129999999998,-45.26319999999998,0 -66.6935,-45.26359999999999,0 -66.6957,-45.26389999999999,0 -66.6978,-45.2642,0 -66.6998,-45.2644,0 -66.7018,-45.2644,0 -66.7036,-45.2644,0 -66.7053,-45.2644,0 -66.7069,-45.2642,0 -66.7084,-45.26409999999999,0 -66.7098,-45.2638,0 -66.711,-45.26359999999999,0 -66.71219999999998,-45.2633,0 -66.7131,-45.262899999999995,0 -66.714,-45.26249999999999,0 -66.7177,-45.2608,0 -66.7169,-45.22359999999999,0 -66.7169,-45.22259999999999,0 -66.7166,-45.210199999999986,0 -66.7135,-45.2101,0 -66.7129,-45.2101,0 -66.7123,-45.210199999999986,0 -66.71159999999999,-45.210199999999986,0 -66.7109,-45.2103,0 -66.7102,-45.2103,0 -66.7095,-45.2104,0 -66.7088,-45.2105,0 -66.7082,-45.2105,0 -66.7077,-45.2106,0 -66.7073,-45.21070000000001,0 -66.7069,-45.21070000000001,0 -66.70660000000001,-45.21070000000001,0 -66.70639999999999,-45.2108,0 -66.7062,-45.2108,0 -66.706,-45.2108,0 -66.70589999999999,-45.21070000000001,0 -66.7057,-45.21070000000001,0 -66.7055,-45.2106,0 -66.7053,-45.2105,0 -66.7051,-45.2104,0 -66.7048,-45.2103,0 -66.7046,-45.210199999999986,0 -66.7043,-45.209999999999994,0 -66.7039,-45.20989999999999,0 -66.70349999999999,-45.20969999999999,0 -66.70309999999999,-45.2096,0 -66.7027,-45.20940000000001,0 -66.70229999999998,-45.209199999999996,0 -66.7018,-45.2091,0 -66.7013,-45.2089,0 -66.7009,-45.20869999999999,0 -66.7004,-45.2086,0 -66.6999,-45.2084,0 -66.6995,-45.20819999999999,0 -66.6991,-45.208,0 -66.6987,-45.207899999999995,0 -66.6983,-45.207699999999996,0 -66.69789999999999,-45.2075,0 -66.6975,-45.20739999999999,0 -66.6971,-45.20720000000001,0 -66.6966,-45.207,0 -66.6962,-45.2069,0 -66.6957,-45.2067,0 -66.6952,-45.2065,0 -66.6947,-45.20640000000001,0 -66.6942,-45.2062,0 -66.6937,-45.206,0 -66.69319999999999,-45.2059,0 -66.69269999999999,-45.2057,0 -66.6922,-45.2055,0 -66.6917,-45.20539999999999,0 -66.69119999999998,-45.205200000000005,0 -66.6907,-45.205,0 -66.69019999999999,-45.2048,0 -66.6897,-45.2047,0 -66.6891,-45.2045,0 -66.6885,-45.2043,0 -66.6879,-45.2041,0 -66.6873,-45.2039,0 -66.6867,-45.203799999999994,0 -66.68609999999998,-45.2036,0 -66.68539999999999,-45.20339999999999,0 -66.6848,-45.203199999999995,0 -66.6843,-45.203100000000006,0 -66.6837,-45.2029,0 -66.6832,-45.2028,0 -66.68279999999999,-45.20259999999999,0 -66.6823,-45.20249999999999,0 -66.68190000000001,-45.2024,0 -66.6815,-45.2023,0 -66.6811,-45.202099999999994,0 -66.6806,-45.202,0 -66.68019999999999,-45.2019,0 -66.6797,-45.2017,0 -66.6792,-45.20150000000001,0 -66.6787,-45.20139999999999,0 -66.6782,-45.20119999999999,0 -66.6777,-45.20109999999999,0 -66.67719999999998,-45.20089999999999,0 -66.6767,-45.2008,0 -66.6762,-45.2007,0 -66.6758,-45.20049999999999,0 -66.6754,-45.20049999999999,0 -66.67499999999998,-45.200399999999995,0 -66.67459999999998,-45.2003,0 -66.6743,-45.2003,0 -66.67389999999999,-45.200199999999995,0 -66.6736,-45.200199999999995,0 -66.6733,-45.2001,0 -66.673,-45.2,0 -66.6727,-45.2,0 -66.67239999999998,-45.1999,0 -66.6721,-45.1998,0 -66.6717,-45.1998,0 -66.67139999999999,-45.19970000000001,0 -66.6709,-45.1996,0 -66.6705,-45.1995,0 -66.67,-45.1995,0 -66.66939999999998,-45.1994,0 -66.6689,-45.19929999999999,0 -66.6683,-45.1992,0 -66.6677,-45.1992,0 -66.66719999999998,-45.1991,0 -66.66679999999998,-45.19899999999999,0 -66.6664,-45.19899999999999,0 -66.666,-45.1989,0 -66.6658,-45.1989,0 -66.6656,-45.1989,0 -66.6654,-45.1989,0 -66.6653,-45.1988,0 -66.6652,-45.1988,0 -66.66500000000002,-45.19870000000001,0 -66.6648,-45.19870000000001,0 -66.66459999999998,-45.1986,0 -66.6643,-45.198499999999996,0 -66.66399999999999,-45.1984,0 -66.66359999999999,-45.1983,0 -66.6631,-45.1982,0 -66.6626,-45.1981,0 -66.662,-45.1981,0 -66.66139999999999,-45.198,0 -66.6607,-45.1981,0 -66.6599,-45.1981,0 -66.65909999999998,-45.1982,0 -66.6583,-45.1983,0 -66.6575,-45.1984,0 -66.65669999999999,-45.1986,0 -66.6559,-45.19870000000001,0 -66.65509999999999,-45.1988,0 -66.6544,-45.1989,0 -66.6538,-45.1989,0 -66.65319999999998,-45.19899999999999,0 -66.65259999999999,-45.1991,0 -66.6521,-45.1991,0 -66.65149999999998,-45.1992,0 -66.65109999999999,-45.1992,0 -66.65059999999998,-45.19929999999999,0 -66.6501,-45.1994,0 -66.6497,-45.1995,0 -66.6493,-45.19970000000001,0 -66.6488,-45.1998,0 -66.64839999999998,-45.1999,0 -66.64799999999998,-45.2,0 -66.6476,-45.200199999999995,0 -66.6472,-45.2003,0 -66.6468,-45.200399999999995,0 -66.6465,-45.200399999999995,0 -66.6461,-45.20049999999999,0 -66.64579999999998,-45.20049999999999,0 -66.64539999999998,-45.2006,0 -66.6451,-45.2006,0 -66.64479999999999,-45.2006,0 -66.6446,-45.2006,0 -66.6443,-45.2007,0 -66.6441,-45.2007,0 -66.6439,-45.2007,0 -66.6437,-45.2007,0 -66.6435,-45.2007,0 -66.64329999999998,-45.2007,0 -66.64309999999999,-45.2007,0 -66.64279999999998,-45.2007,0 -66.64259999999999,-45.2007,0 -66.6423,-45.2007,0 -66.642,-45.2007,0 -66.6417,-45.2007,0 -66.6414,-45.2007,0 -66.6411,-45.2007,0 -66.64069999999998,-45.2007,0 -66.64029999999998,-45.2007,0 -66.6399,-45.2007,0 -66.6395,-45.2007,0 -66.639,-45.2007,0 -66.6385,-45.2007,0 -66.638,-45.2007,0 -66.63739999999999,-45.2007,0 -66.6368,-45.2007,0 -66.6361,-45.2007,0 -66.6354,-45.2007,0 -66.6347,-45.2007,0 -66.63390000000001,-45.2008,0 -66.6331,-45.2008,0 -66.63229999999999,-45.2008,0 -66.63159999999999,-45.2008,0 -66.6309,-45.20089999999999,0 -66.6304,-45.20089999999999,0 -66.6299,-45.20089999999999,0 -66.6295,-45.201,0 -66.6291,-45.201,0 -66.6288,-45.20109999999999,0 -66.62859999999999,-45.20109999999999,0 -66.6284,-45.20119999999999,0 -66.6282,-45.20119999999999,0 -66.6281,-45.20119999999999,0 -66.6279,-45.20119999999999,0 -66.6278,-45.20119999999999,0 -66.6276,-45.20119999999999,0 -66.6274,-45.20119999999999,0 -66.6273,-45.20119999999999,0 -66.62709999999998,-45.20119999999999,0 -66.6269,-45.20119999999999,0 -66.6267,-45.20119999999999,0 -66.6265,-45.20119999999999,0 -66.6263,-45.20109999999999,0 -66.6261,-45.20109999999999,0 -66.6259,-45.20109999999999,0 -66.6256,-45.20109999999999,0 -66.6253,-45.20109999999999,0 -66.625,-45.20109999999999,0 -66.6246,-45.201,0 -66.6242,-45.20089999999999,0 -66.62379999999999,-45.20089999999999,0 -66.6233,-45.2008,0 -66.6228,-45.2007,0 -66.6223,-45.2006,0 -66.6218,-45.20049999999999,0 -66.6213,-45.200399999999995,0 -66.6207,-45.200399999999995,0 -66.6202,-45.2003,0 -66.6196,-45.200199999999995,0 -66.619,-45.2001,0 -66.6184,-45.2001,0 -66.6179,-45.2,0 -66.6173,-45.2,0 -66.61669999999998,-45.1999,0 -66.6161,-45.1999,0 -66.6154,-45.1998,0 -66.6148,-45.1998,0 -66.6142,-45.1998,0 -66.61349999999999,-45.19970000000001,0 -66.6129,-45.19970000000001,0 -66.61229999999999,-45.19970000000001,0 -66.6116,-45.19970000000001,0 -66.611,-45.19970000000001,0 -66.61039999999998,-45.19970000000001,0 -66.60979999999999,-45.19970000000001,0 -66.60920000000002,-45.1998,0 -66.60860000000001,-45.1998,0 -66.60799999999999,-45.1999,0 -66.6075,-45.1999,0 -66.607,-45.1999,0 -66.6065,-45.2,0 -66.60609999999998,-45.2001,0 -66.60569999999998,-45.2001,0 -66.6053,-45.200199999999995,0 -66.60499999999999,-45.200199999999995,0 -66.60470000000001,-45.2003,0 -66.6044,-45.2003,0 -66.6042,-45.200399999999995,0 -66.604,-45.200399999999995,0 -66.6038,-45.200399999999995,0 -66.6036,-45.20049999999999,0 -66.60349999999998,-45.20049999999999,0 -66.6033,-45.20049999999999,0 -66.603,-45.20049999999999,0 -66.60259999999998,-45.2006,0 -66.6022,-45.2006,0 -66.6016,-45.2006,0 -66.60089999999998,-45.2007,0 -66.60009999999998,-45.2007,0 -66.5992,-45.2007,0 -66.5982,-45.2008,0 -66.59719999999999,-45.2008,0 -66.5962,-45.2008,0 -66.5952,-45.2008,0 -66.59419999999999,-45.2007,0 -66.5932,-45.2007,0 -66.5924,-45.2006,0 -66.59159999999999,-45.20049999999999,0 -66.5908,-45.200399999999995,0 -66.5901,-45.200199999999995,0 -66.58949999999999,-45.2001,0 -66.58899999999998,-45.2,0 -66.5885,-45.1998,0 -66.5881,-45.19970000000001,0 -66.58780000000002,-45.1995,0 -66.5875,-45.1994,0 -66.5872,-45.19929999999999,0 -66.587,-45.1992,0 -66.58689999999999,-45.1991,0 -66.5867,-45.19899999999999,0 -66.58659999999999,-45.1989,0 -66.58650000000002,-45.1988,0 -66.58650000000002,-45.1988,0 -66.58639999999998,-45.1988,0 -66.5863,-45.19870000000001,0 -66.58619999999999,-45.19870000000001,0 -66.58619999999999,-45.19870000000001,0 -66.5861,-45.1986,0 -66.5861,-45.198499999999996,0 -66.586,-45.1984,0 -66.5859,-45.1983,0 -66.5857,-45.1982,0 -66.5855,-45.1981,0 -66.58520000000001,-45.198,0 -66.5848,-45.1979,0 -66.58419999999998,-45.1979,0 -66.5834,-45.1979,0 -66.5825,-45.1979,0 -66.58139999999999,-45.1979,0 -66.5802,-45.198,0 -66.57889999999999,-45.198,0 -66.5776,-45.1981,0 -66.5762,-45.1981,0 -66.5749,-45.1981,0 -66.5736,-45.198,0 -66.5725,-45.1978,0 -66.5714,-45.19760000000001,0 -66.5703,-45.1974,0 -66.5694,-45.1972,0 -66.56849999999999,-45.197,0 -66.56759999999998,-45.1968,0 -66.5667,-45.1968,0 -66.56589999999998,-45.1968,0 -66.56499999999998,-45.19689999999999,0 -66.5642,-45.1971,0 -66.56329999999998,-45.1974,0 -66.56250000000001,-45.1977,0 -66.5617,-45.198,0 -66.5609,-45.1984,0 -66.56009999999999,-45.19870000000001,0 -66.5593,-45.19899999999999,0 -66.5585,-45.1992,0 -66.5578,-45.1994,0 -66.5571,-45.1995,0 -66.5565,-45.1996,0 -66.5559,-45.19970000000001,0 -66.5553,-45.1998,0 -66.5548,-45.1998,0 -66.55439999999999,-45.1999,0 -66.55399999999999,-45.2,0 -66.5536,-45.2001,0 -66.5533,-45.200199999999995,0 -66.5531,-45.2003,0 -66.5528,-45.200399999999995,0 -66.55249999999998,-45.20049999999999,0 -66.5522,-45.2006,0 -66.55189999999999,-45.2007,0 -66.5515,-45.2008,0 -66.5511,-45.20089999999999,0 -66.5506,-45.20089999999999,0 -66.5502,-45.201,0 -66.54969999999999,-45.20109999999999,0 -66.54929999999999,-45.20109999999999,0 -66.54879999999999,-45.20119999999999,0 -66.5484,-45.2013,0 -66.5481,-45.2013,0 -66.5477,-45.20139999999999,0 -66.5475,-45.20139999999999,0 -66.5472,-45.20139999999999,0 -66.54709999999999,-45.2013,0 -66.547,-45.20109999999999,0 -66.54689999999998,-45.2008,0 -66.54689999999998,-45.200399999999995,0 -66.54689999999998,-45.1999,0 -66.547,-45.1992,0 -66.54709999999999,-45.1986,0 -66.5473,-45.1978,0 -66.5474,-45.1971,0 -66.5476,-45.1964,0 -66.5477,-45.195699999999995,0 -66.5479,-45.19519999999999,0 -66.548,-45.19469999999999,0 -66.5481,-45.1944,0 -66.5482,-45.1942,0 -66.5483,-45.19400000000001,0 -66.5485,-45.19389999999999,0 -66.5487,-45.1938,0 -66.5489,-45.1937,0 -66.54919999999998,-45.1937,0 -66.5496,-45.193599999999996,0 -66.5501,-45.1934,0 -66.5506,-45.193299999999994,0 -66.5512,-45.193200000000004,0 -66.55179999999999,-45.1931,0 -66.5524,-45.19290000000001,0 -66.5531,-45.19290000000001,0 -66.5537,-45.19279999999999,0 -66.5543,-45.192699999999995,0 -66.55489999999999,-45.192699999999995,0 -66.55549999999998,-45.192699999999995,0 -66.556,-45.19279999999999,0 -66.5565,-45.19279999999999,0 -66.5569,-45.19279999999999,0 -66.55730000000001,-45.19290000000001,0 -66.5576,-45.19290000000001,0 -66.5579,-45.19290000000001,0 -66.5582,-45.19290000000001,0 -66.5584,-45.193,0 -66.5585,-45.193,0 -66.5587,-45.193,0 -66.5589,-45.193,0 -66.559,-45.193,0 -66.55919999999999,-45.193,0 -66.5595,-45.193,0 -66.5597,-45.1931,0 -66.56009999999999,-45.1931,0 -66.5605,-45.1931,0 -66.5611,-45.1931,0 -66.5617,-45.1931,0 -66.56250000000001,-45.193,0 -66.5635,-45.193,0 -66.5646,-45.19279999999999,0 -66.5658,-45.192699999999995,0 -66.5671,-45.192499999999995,0 -66.56849999999999,-45.192299999999996,0 -66.5699,-45.192,0 -66.5712,-45.19169999999999,0 -66.5725,-45.191399999999994,0 -66.57369999999999,-45.191,0 -66.57469999999999,-45.1907,0 -66.5756,-45.1903,0 -66.5764,-45.1899,0 -66.5772,-45.1896,0 -66.5778,-45.1892,0 -66.57839999999999,-45.189,0 -66.579,-45.1888,0 -66.5796,-45.1887,0 -66.5802,-45.1886,0 -66.5808,-45.1887,0 -66.58139999999999,-45.1888,0 -66.58200000000001,-45.18889999999999,0 -66.5825,-45.1891,0 -66.5831,-45.1893,0 -66.58359999999999,-45.18939999999999,0 -66.58399999999999,-45.189499999999995,0 -66.5844,-45.1896,0 -66.5848,-45.1897,0 -66.5851,-45.1897,0 -66.5854,-45.1897,0 -66.58579999999999,-45.1897,0 -66.5861,-45.1897,0 -66.58650000000002,-45.1897,0 -66.58689999999999,-45.1897,0 -66.58729999999998,-45.18979999999999,0 -66.5879,-45.1899,0 -66.5885,-45.19,0 -66.5891,-45.190099999999994,0 -66.5898,-45.190099999999994,0 -66.5906,-45.19,0 -66.5915,-45.1899,0 -66.59249999999999,-45.1896,0 -66.59349999999999,-45.1893,0 -66.5947,-45.1888,0 -66.5958,-45.188199999999995,0 -66.5971,-45.187599999999996,0 -66.59829999999998,-45.186899999999994,0 -66.5996,-45.1862,0 -66.6008,-45.1855,0 -66.6021,-45.1849,0 -66.6033,-45.1842,0 -66.6045,-45.1836,0 -66.60559999999998,-45.1831,0 -66.6067,-45.182500000000005,0 -66.6077,-45.182,0 -66.60860000000001,-45.18139999999999,0 -66.6095,-45.1808,0 -66.6103,-45.1803,0 -66.61089999999999,-45.1796,0 -66.6116,-45.17900000000001,0 -66.6121,-45.1783,0 -66.6126,-45.17759999999999,0 -66.61310000000002,-45.177,0 -66.6136,-45.17629999999999,0 -66.614,-45.175599999999996,0 -66.6145,-45.175,0 -66.615,-45.1743,0 -66.6155,-45.1737,0 -66.6161,-45.1731,0 -66.6166,-45.1725,0 -66.6171,-45.1719,0 -66.6176,-45.17119999999999,0 -66.6181,-45.1706,0 -66.6185,-45.1698,0 -66.61879999999998,-45.1691,0 -66.61909999999999,-45.1683,0 -66.6194,-45.1674,0 -66.6196,-45.1666,0 -66.6197,-45.165699999999994,0 -66.6198,-45.1649,0 -66.6198,-45.164,0 -66.6198,-45.1631,0 -66.6197,-45.1623,0 -66.6196,-45.1615,0 -66.6195,-45.16069999999999,0 -66.6194,-45.16,0 -66.6192,-45.1593,0 -66.61909999999999,-45.158699999999996,0 -66.61909999999999,-45.1582,0 -66.619,-45.1577,0 -66.61909999999999,-45.1573,0 -66.61909999999999,-45.15689999999999,0 -66.61929999999998,-45.1566,0 -66.6194,-45.15630000000001,0 -66.6196,-45.156,0 -66.6198,-45.1556,0 -66.6201,-45.155199999999994,0 -66.6203,-45.1546,0 -66.6205,-45.154,0 -66.6207,-45.15330000000001,0 -66.621,-45.152499999999996,0 -66.62119999999999,-45.151599999999995,0 -66.62139999999998,-45.1507,0 -66.6216,-45.14970000000001,0 -66.6218,-45.1488,0 -66.62189999999998,-45.1478,0 -66.6221,-45.146800000000006,0 -66.6222,-45.14589999999999,0 -66.6223,-45.145,0 -66.6224,-45.144,0 -66.6224,-45.14319999999999,0 -66.6224,-45.1423,0 -66.6222,-45.1414,0 -66.622,-45.1406,0 -66.62169999999999,-45.139799999999994,0 -66.6213,-45.139,0 -66.62079999999999,-45.138299999999994,0 -66.6203,-45.1375,0 -66.6197,-45.1368,0 -66.61909999999999,-45.136,0 -66.6185,-45.135299999999994,0 -66.6179,-45.1346,0 -66.6173,-45.1338,0 -66.61669999999998,-45.1331,0 -66.61599999999999,-45.1324,0 -66.6154,-45.1317,0 -66.6146,-45.13099999999999,0 -66.61389999999999,-45.1304,0 -66.61299999999999,-45.1298,0 -66.612,-45.1292,0 -66.61089999999999,-45.1287,0 -66.60969999999999,-45.1283,0 -66.6085,-45.1278,0 -66.60719999999999,-45.1275,0 -66.6059,-45.1272,0 -66.60470000000001,-45.12689999999999,0 -66.60349999999998,-45.1266,0 -66.6023,-45.1264,0 -66.6013,-45.1262,0 -66.6004,-45.12610000000001,0 -66.5995,-45.1259,0 -66.5987,-45.125800000000005,0 -66.598,-45.1257,0 -66.5973,-45.1256,0 -66.5966,-45.1256,0 -66.596,-45.125499999999995,0 -66.59529999999998,-45.1254,0 -66.59459999999999,-45.1253,0 -66.594,-45.1253,0 -66.5933,-45.12519999999999,0 -66.59269999999998,-45.12519999999999,0 -66.59199999999998,-45.12519999999999,0 -66.5914,-45.1251,0 -66.5908,-45.1251,0 -66.5903,-45.1251,0 -66.58969999999998,-45.12519999999999,0 -66.5891,-45.12519999999999,0 -66.5886,-45.1253,0 -66.5881,-45.1253,0 -66.5877,-45.1254,0 -66.5872,-45.1254,0 -66.58679999999998,-45.125499999999995,0 -66.58639999999998,-45.125499999999995,0 -66.586,-45.125499999999995,0 -66.5855,-45.1256,0 -66.5851,-45.1256,0 -66.5846,-45.1257,0 -66.58399999999999,-45.1257,0 -66.5834,-45.125800000000005,0 -66.5826,-45.1259,0 -66.58169999999998,-45.126,0 -66.58070000000001,-45.1262,0 -66.5797,-45.12629999999999,0 -66.57869999999998,-45.1265,0 -66.5777,-45.1266,0 -66.5767,-45.126799999999996,0 -66.57579999999999,-45.12689999999999,0 -66.5751,-45.127,0 -66.5745,-45.12709999999999,0 -66.574,-45.1272,0 -66.57369999999999,-45.12729999999999,0 -66.5734,-45.12729999999999,0 -66.57319999999999,-45.12729999999999,0 -66.573,-45.127399999999994,0 -66.57279999999999,-45.127399999999994,0 -66.5725,-45.127399999999994,0 -66.5722,-45.127399999999994,0 -66.5718,-45.127399999999994,0 -66.5714,-45.127399999999994,0 -66.571,-45.127399999999994,0 -66.5705,-45.127399999999994,0 -66.5701,-45.1275,0 -66.5696,-45.1275,0 -66.5691,-45.127599999999994,0 -66.5687,-45.1278,0 -66.56829999999998,-45.128,0 -66.5679,-45.128099999999996,0 -66.5675,-45.1283,0 -66.5671,-45.1285,0 -66.5668,-45.1287,0 -66.5665,-45.1289,0 -66.5662,-45.129,0 -66.56589999999998,-45.1291,0 -66.5656,-45.1292,0 -66.56539999999998,-45.1292,0 -66.5651,-45.1292,0 -66.5649,-45.1291,0 -66.5646,-45.129,0 -66.5643,-45.1289,0 -66.56399999999998,-45.1287,0 -66.5637,-45.1284,0 -66.56329999999998,-45.128099999999996,0 -66.56289999999998,-45.1278,0 -66.56239999999998,-45.127399999999994,0 -66.562,-45.12709999999999,0 -66.5615,-45.126799999999996,0 -66.561,-45.1265,0 -66.5605,-45.1262,0 -66.55999999999999,-45.126,0 -66.5594,-45.1259,0 -66.5589,-45.125800000000005,0 -66.5584,-45.1257,0 -66.5579,-45.1256,0 -66.55749999999999,-45.125499999999995,0 -66.5571,-45.1254,0 -66.5568,-45.12519999999999,0 -66.5565,-45.12499999999999,0 -66.5563,-45.1248,0 -66.5562,-45.12449999999999,0 -66.5561,-45.1241,0 -66.556,-45.1238,0 -66.556,-45.1234,0 -66.5559,-45.123,0 -66.5559,-45.1226,0 -66.5559,-45.12219999999999,0 -66.5559,-45.12169999999999,0 -66.5558,-45.121300000000005,0 -66.5558,-45.12089999999999,0 -66.5557,-45.12050000000001,0 -66.5557,-45.11999999999999,0 -66.5556,-45.11959999999999,0 -66.55549999999998,-45.1191,0 -66.5554,-45.1187,0 -66.5553,-45.1182,0 -66.5552,-45.11769999999999,0 -66.55509999999998,-45.1173,0 -66.55489999999999,-45.1168,0 -66.5548,-45.1163,0 -66.55469999999998,-45.1159,0 -66.55459999999998,-45.115500000000004,0 -66.55439999999999,-45.1151,0 -66.5543,-45.1147,0 -66.5542,-45.114399999999996,0 -66.5541,-45.11399999999999,0 -66.5539,-45.1137,0 -66.5538,-45.1134,0 -66.5537,-45.113,0 -66.5536,-45.1127,0 -66.5534,-45.11229999999999,0 -66.5533,-45.11189999999999,0 -66.5531,-45.1115,0 -66.553,-45.11110000000001,0 -66.5528,-45.11070000000001,0 -66.5526,-45.1103,0 -66.5524,-45.1098,0 -66.5522,-45.109399999999994,0 -66.55189999999999,-45.1089,0 -66.5516,-45.1084,0 -66.5513,-45.10779999999999,0 -66.551,-45.1073,0 -66.55069999999999,-45.1068,0 -66.55029999999998,-45.10629999999999,0 -66.55,-45.105799999999995,0 -66.5496,-45.1053,0 -66.54919999999998,-45.1048,0 -66.5489,-45.1044,0 -66.5485,-45.103899999999996,0 -66.5481,-45.1035,0 -66.5477,-45.103,0 -66.5474,-45.102599999999995,0 -66.547,-45.102199999999996,0 -66.54659999999998,-45.10170000000001,0 -66.54619999999998,-45.1013,0 -66.5458,-45.10090000000001,0 -66.5454,-45.1004,0 -66.545,-45.099999999999994,0 -66.5446,-45.0996,0 -66.5442,-45.0992,0 -66.54379999999999,-45.09889999999999,0 -66.54339999999999,-45.0985,0 -66.5431,-45.0982,0 -66.5428,-45.09799999999999,0 -66.5425,-45.097699999999996,0 -66.5422,-45.0975,0 -66.54189999999998,-45.09729999999999,0 -66.5416,-45.096999999999994,0 -66.5414,-45.0968,0 -66.54119999999999,-45.0966,0 -66.54099999999998,-45.0964,0 -66.54079999999999,-45.0962,0 -66.5406,-45.09589999999999,0 -66.54040000000002,-45.095699999999994,0 -66.5401,-45.0954,0 -66.5399,-45.095,0 -66.5396,-45.094699999999996,0 -66.53929999999998,-45.09429999999999,0 -66.53889999999998,-45.0938,0 -66.53839999999998,-45.093399999999995,0 -66.5379,-45.0929,0 -66.5374,-45.0923,0 -66.5369,-45.0918,0 -66.53629999999998,-45.0913,0 -66.5357,-45.0907,0 -66.5351,-45.090199999999996,0 -66.5345,-45.0897,0 -66.5339,-45.089299999999994,0 -66.53330000000001,-45.088800000000006,0 -66.5327,-45.0884,0 -66.5321,-45.088,0 -66.53149999999998,-45.0877,0 -66.53089999999999,-45.0873,0 -66.5303,-45.087,0 -66.5297,-45.0866,0 -66.5291,-45.0863,0 -66.52849999999998,-45.086,0 -66.52789999999999,-45.0857,0 -66.5272,-45.0854,0 -66.5265,-45.0851,0 -66.5258,-45.0848,0 -66.52499999999999,-45.084399999999995,0 -66.5241,-45.0841,0 -66.5232,-45.08369999999999,0 -66.52219999999998,-45.083299999999994,0 -66.5211,-45.08299999999999,0 -66.52,-45.0827,0 -66.5189,-45.08239999999999,0 -66.5177,-45.0821,0 -66.5165,-45.082,0 -66.5152,-45.0819,0 -66.5139,-45.0818,0 -66.5126,-45.0818,0 -66.5113,-45.0819,0 -66.51009999999998,-45.0819,0 -66.5089,-45.082,0 -66.5078,-45.082,0 -66.5068,-45.0821,0 -66.5059,-45.0821,0 -66.50499999999998,-45.082,0 -66.50429999999999,-45.082,0 -66.5037,-45.0819,0 -66.50319999999999,-45.0819,0 -66.5027,-45.0818,0 -66.5023,-45.081699999999984,0 -66.502,-45.081699999999984,0 -66.50169999999999,-45.0816,0 -66.50149999999998,-45.0816,0 -66.50129999999999,-45.0816,0 -66.5011,-45.0816,0 -66.50099999999999,-45.081500000000005,0 -66.5009,-45.081399999999995,0 -66.50079999999998,-45.08129999999999,0 -66.5007,-45.081199999999995,0 -66.50059999999999,-45.08089999999999,0 -66.5004,-45.0807,0 -66.5002,-45.0803,0 -66.5,-45.08,0 -66.4997,-45.0795,0 -66.4994,-45.0791,0 -66.4989,-45.0785,0 -66.49839999999999,-45.078,0 -66.4977,-45.0773,0 -66.4969,-45.0767,0 -66.49609999999998,-45.07599999999999,0 -66.4952,-45.0754,0 -66.4943,-45.0747,0 -66.4934,-45.07410000000001,0 -66.4925,-45.073499999999996,0 -66.4917,-45.07299999999999,0 -66.49089999999998,-45.072500000000005,0 -66.49029999999999,-45.07209999999999,0 -66.4896,-45.0718,0 -66.4891,-45.07150000000001,0 -66.4886,-45.071200000000005,0 -66.4882,-45.07099999999999,0 -66.48769999999999,-45.07079999999999,0 -66.4873,-45.07059999999999,0 -66.4869,-45.0703,0 -66.4866,-45.07009999999999,0 -66.48619999999998,-45.069900000000004,0 -66.4858,-45.0696,0 -66.4854,-45.069399999999995,0 -66.48499999999999,-45.06909999999999,0 -66.48459999999999,-45.0688,0 -66.4842,-45.0686,0 -66.4837,-45.0683,0 -66.4832,-45.068,0 -66.4826,-45.0677,0 -66.4821,-45.0674,0 -66.4815,-45.067099999999996,0 -66.4809,-45.0668,0 -66.48029999999999,-45.0665,0 -66.4797,-45.066199999999995,0 -66.47919999999999,-45.066,0 -66.4786,-45.0657,0 -66.4781,-45.0654,0 -66.4775,-45.0652,0 -66.47699999999999,-45.065,0 -66.4765,-45.0647,0 -66.476,-45.064499999999995,0 -66.4755,-45.0643,0 -66.475,-45.06410000000001,0 -66.47439999999999,-45.0638,0 -66.4739,-45.063599999999994,0 -66.4734,-45.06340000000001,0 -66.4729,-45.0632,0 -66.4724,-45.062999999999995,0 -66.4718,-45.0628,0 -66.4712,-45.06249999999999,0 -66.4706,-45.0623,0 -66.47,-45.06210000000001,0 -66.4694,-45.0619,0 -66.46879999999999,-45.0616,0 -66.4681,-45.0614,0 -66.46739999999998,-45.06119999999999,0 -66.46669999999999,-45.06099999999999,0 -66.4661,-45.0608,0 -66.4654,-45.0606,0 -66.46469999999998,-45.060399999999994,0 -66.4639,-45.06029999999999,0 -66.46320000000001,-45.0601,0 -66.4625,-45.06,0 -66.4618,-45.0598,0 -66.46109999999999,-45.05969999999999,0 -66.4603,-45.059599999999996,0 -66.45959999999998,-45.0595,0 -66.45889999999999,-45.0594,0 -66.45819999999999,-45.05929999999999,0 -66.4575,-45.05929999999999,0 -66.4569,-45.05919999999999,0 -66.45629999999998,-45.05919999999999,0 -66.4557,-45.059099999999994,0 -66.4551,-45.059099999999994,0 -66.4547,-45.059,0 -66.45419999999999,-45.059,0 -66.4538,-45.059,0 -66.4534,-45.059,0 -66.453,-45.059,0 -66.4525,-45.0589,0 -66.4521,-45.0589,0 -66.4516,-45.0589,0 -66.45109999999998,-45.0589,0 -66.4506,-45.0588,0 -66.44999999999999,-45.0588,0 -66.4495,-45.0588,0 -66.4489,-45.0588,0 -66.4484,-45.0588,0 -66.4478,-45.0588,0 -66.44739999999999,-45.0588,0 -66.447,-45.0588,0 -66.4466,-45.0588,0 -66.4462,-45.0588,0 -66.44589999999998,-45.0588,0 -66.4456,-45.0589,0 -66.44529999999999,-45.0589,0 -66.445,-45.0589,0 -66.4447,-45.0589,0 -66.4444,-45.0589,0 -66.4441,-45.0589,0 -66.44370000000002,-45.0589,0 -66.44329999999998,-45.0588,0 -66.443,-45.0588,0 -66.4426,-45.0587,0 -66.44229999999999,-45.05859999999999,0 -66.4419,-45.058499999999995,0 -66.4416,-45.05839999999999,0 -66.4412,-45.0583,0 -66.4409,-45.05819999999999,0 -66.4406,-45.058,0 -66.44029999999998,-45.0579,0 -66.44,-45.05779999999999,0 -66.4396,-45.0577,0 -66.4393,-45.0576,0 -66.4389,-45.05749999999999,0 -66.4386,-45.057399999999994,0 -66.43819999999998,-45.057399999999994,0 -66.4379,-45.0573,0 -66.43749999999999,-45.0573,0 -66.4372,-45.057199999999995,0 -66.4369,-45.057199999999995,0 -66.4367,-45.057199999999995,0 -66.4365,-45.05709999999999,0 -66.4363,-45.05709999999999,0 -66.4361,-45.056999999999995,0 -66.436,-45.056999999999995,0 -66.4358,-45.0569,0 -66.43559999999998,-45.0568,0 -66.43539999999999,-45.05660000000001,0 -66.4351,-45.0565,0 -66.43469999999999,-45.0563,0 -66.4343,-45.05599999999999,0 -66.4339,-45.0558,0 -66.4334,-45.055499999999995,0 -66.4329,-45.05519999999999,0 -66.4324,-45.055,0 -66.43189999999998,-45.0547,0 -66.4315,-45.05449999999999,0 -66.431,-45.054300000000005,0 -66.4306,-45.054,0 -66.4303,-45.0539,0 -66.4299,-45.0537,0 -66.4296,-45.0535,0 -66.4292,-45.0533,0 -66.4289,-45.05309999999999,0 -66.4285,-45.052899999999994,0 -66.4282,-45.05279999999999,0 -66.4278,-45.0525,0 -66.4274,-45.0523,0 -66.427,-45.0521,0 -66.42669999999998,-45.051899999999996,0 -66.4263,-45.0518,0 -66.42599999999999,-45.05159999999999,0 -66.4257,-45.05149999999999,0 -66.4254,-45.05129999999999,0 -66.4252,-45.0512,0 -66.425,-45.0511,0 -66.4248,-45.050999999999995,0 -66.42459999999998,-45.05089999999999,0 -66.4244,-45.050799999999995,0 -66.4242,-45.0506,0 -66.42389999999999,-45.0505,0 -66.4236,-45.05029999999999,0 -66.4233,-45.05,0 -66.423,-45.049699999999994,0 -66.4226,-45.0495,0 -66.4222,-45.04910000000001,0 -66.4217,-45.04880000000001,0 -66.42129999999999,-45.0485,0 -66.4208,-45.04809999999999,0 -66.4203,-45.0478,0 -66.4198,-45.0475,0 -66.4193,-45.04709999999999,0 -66.4188,-45.04679999999999,0 -66.41829999999999,-45.0465,0 -66.4177,-45.046200000000006,0 -66.4172,-45.0459,0 -66.4167,-45.0456,0 -66.41609999999999,-45.04529999999999,0 -66.4156,-45.044999999999995,0 -66.41499999999999,-45.0447,0 -66.41450000000002,-45.0444,0 -66.4139,-45.0442,0 -66.41329999999999,-45.0439,0 -66.4127,-45.0436,0 -66.412,-45.0433,0 -66.4113,-45.0431,0 -66.4106,-45.0428,0 -66.4099,-45.04249999999999,0 -66.4092,-45.042199999999994,0 -66.4085,-45.042,0 -66.40789999999998,-45.0418,0 -66.40729999999999,-45.0416,0 -66.4068,-45.041399999999996,0 -66.4064,-45.041199999999996,0 -66.4061,-45.0411,0 -66.40579999999999,-45.0411,0 -66.4056,-45.04099999999999,0 -66.4054,-45.04089999999999,0 -66.40529999999998,-45.04089999999999,0 -66.4052,-45.04089999999999,0 -66.405,-45.040800000000004,0 -66.4049,-45.04070000000001,0 -66.4048,-45.04070000000001,0 -66.40459999999999,-45.04059999999999,0 -66.4043,-45.0405,0 -66.404,-45.040400000000005,0 -66.4035,-45.0403,0 -66.403,-45.0402,0 -66.4023,-45.039999999999985,0 -66.4015,-45.0399,0 -66.40059999999998,-45.0398,0 -66.3996,-45.0396,0 -66.3985,-45.0395,0 -66.3974,-45.03939999999999,0 -66.3964,-45.0393,0 -66.3953,-45.039199999999994,0 -66.39429999999999,-45.0391,0 -66.3934,-45.0391,0 -66.39259999999999,-45.038999999999994,0 -66.39189999999999,-45.038999999999994,0 -66.3912,-45.038999999999994,0 -66.3907,-45.038999999999994,0 -66.39019999999998,-45.038999999999994,0 -66.38979999999998,-45.03889999999999,0 -66.3894,-45.03889999999999,0 -66.38920000000002,-45.03880000000001,0 -66.38889999999999,-45.0387,0 -66.3887,-45.03849999999999,0 -66.3885,-45.03829999999999,0 -66.3883,-45.03799999999999,0 -66.388,-45.0377,0 -66.3876,-45.0374,0 -66.3871,-45.0369,0 -66.3864,-45.0365,0 -66.3857,-45.0359,0 -66.38479999999998,-45.0353,0 -66.38389999999998,-45.0347,0 -66.383,-45.034099999999995,0 -66.3819,-45.0335,0 -66.3809,-45.0329,0 -66.3799,-45.03229999999999,0 -66.3789,-45.0318,0 -66.378,-45.0313,0 -66.3771,-45.0309,0 -66.3762,-45.030499999999996,0 -66.3754,-45.03009999999999,0 -66.3746,-45.0298,0 -66.3739,-45.029500000000006,0 -66.3732,-45.02929999999999,0 -66.3726,-45.0291,0 -66.372,-45.02889999999999,0 -66.37139999999998,-45.02879999999999,0 -66.3709,-45.02859999999999,0 -66.3704,-45.0285,0 -66.3699,-45.0284,0 -66.3694,-45.028299999999994,0 -66.3689,-45.0282,0 -66.36839999999998,-45.028,0 -66.36789999999999,-45.0279,0 -66.3674,-45.0278,0 -66.3668,-45.02759999999999,0 -66.3662,-45.0275,0 -66.36559999999999,-45.02729999999999,0 -66.36489999999999,-45.02719999999999,0 -66.3641,-45.0271,0 -66.3633,-45.027,0 -66.3624,-45.0269,0 -66.3614,-45.0269,0 -66.3605,-45.0268,0 -66.3595,-45.0268,0 -66.3585,-45.0268,0 -66.35759999999999,-45.0268,0 -66.3566,-45.0268,0 -66.3557,-45.0268,0 -66.3549,-45.0269,0 -66.354,-45.0269,0 -66.3532,-45.027,0 -66.35239999999999,-45.0271,0 -66.3516,-45.02719999999999,0 -66.35079999999999,-45.02729999999999,0 -66.34999999999998,-45.0274,0 -66.3492,-45.0275,0 -66.3483,-45.02759999999999,0 -66.3475,-45.0277,0 -66.3466,-45.0279,0 -66.3459,-45.028,0 -66.3451,-45.028099999999995,0 -66.3445,-45.0282,0 -66.34389999999999,-45.028299999999994,0 -66.3434,-45.0284,0 -66.34299999999999,-45.0284,0 -66.3427,-45.0285,0 -66.3424,-45.02859999999999,0 -66.34199999999998,-45.02859999999999,0 -66.3417,-45.02859999999999,0 -66.34129999999999,-45.02859999999999,0 -66.3407,-45.02859999999999,0 -66.3401,-45.02859999999999,0 -66.33939999999998,-45.02859999999999,0 -66.33860000000001,-45.0285,0 -66.3377,-45.0285,0 -66.33679999999998,-45.0285,0 -66.3358,-45.0285,0 -66.33470000000001,-45.0285,0 -66.33359999999999,-45.02859999999999,0 -66.3325,-45.0287,0 -66.3314,-45.02879999999999,0 -66.3303,-45.029,0 -66.3292,-45.029199999999996,0 -66.3281,-45.0294,0 -66.327,-45.0296,0 -66.32599999999998,-45.0298,0 -66.325,-45.03009999999999,0 -66.32419999999999,-45.0303,0 -66.3233,-45.0306,0 -66.32249999999999,-45.0308,0 -66.3217,-45.031,0 -66.321,-45.03119999999999,0 -66.32019999999999,-45.0313,0 -66.3194,-45.0314,0 -66.3186,-45.0315,0 -66.3178,-45.0315,0 -66.31689999999999,-45.0314,0 -66.316,-45.0313,0 -66.3151,-45.03119999999999,0 -66.3142,-45.0311,0 -66.31330000000001,-45.0311,0 -66.3123,-45.031,0 -66.3114,-45.0311,0 -66.3105,-45.03119999999999,0 -66.30959999999999,-45.0313,0 -66.3088,-45.0315,0 -66.3079,-45.0318,0 -66.30719999999998,-45.032,0 -66.30649999999999,-45.03229999999999,0 -66.3059,-45.0325,0 -66.30539999999999,-45.0327,0 -66.3049,-45.032799999999995,0 -66.30459999999998,-45.0329,0 -66.3043,-45.032999999999994,0 -66.30399999999999,-45.032999999999994,0 -66.3038,-45.032999999999994,0 -66.3036,-45.032999999999994,0 -66.3034,-45.032999999999994,0 -66.3033,-45.032999999999994,0 -66.303,-45.032999999999994,0 -66.30279999999999,-45.032999999999994,0 -66.3026,-45.032999999999994,0 -66.3023,-45.0331,0 -66.302,-45.0331,0 -66.3017,-45.0331,0 -66.30139999999999,-45.032999999999994,0 -66.30109999999999,-45.032999999999994,0 -66.3008,-45.032999999999994,0 -66.3005,-45.0329,0 -66.3001,-45.0329,0 -66.2997,-45.032799999999995,0 -66.2991,-45.032799999999995,0 -66.29849999999999,-45.032799999999995,0 -66.2977,-45.032799999999995,0 -66.2967,-45.032799999999995,0 -66.29549999999999,-45.0329,0 -66.2942,-45.032999999999994,0 -66.2928,-45.0331,0 -66.2913,-45.0332,0 -66.28990000000002,-45.03329999999999,0 -66.2885,-45.03339999999999,0 -66.2872,-45.03339999999999,0 -66.286,-45.03339999999999,0 -66.285,-45.03329999999999,0 -66.2842,-45.0331,0 -66.2836,-45.0329,0 -66.28299999999999,-45.0327,0 -66.28259999999999,-45.0324,0 -66.28229999999999,-45.032,0 -66.28209999999999,-45.0317,0 -66.2819,-45.0313,0 -66.2818,-45.0308,0 -66.2817,-45.0304,0 -66.2815,-45.0299,0 -66.2814,-45.0294,0 -66.2812,-45.02879999999999,0 -66.2809,-45.0282,0 -66.2806,-45.0275,0 -66.2801,-45.0268,0 -66.27949999999998,-45.0261,0 -66.2788,-45.0253,0 -66.2781,-45.024499999999996,0 -66.2772,-45.02369999999999,0 -66.2764,-45.02289999999999,0 -66.2756,-45.0222,0 -66.27479999999998,-45.02149999999999,0 -66.274,-45.020900000000005,0 -66.2733,-45.0205,0 -66.2727,-45.019999999999996,0 -66.2721,-45.019699999999986,0 -66.2716,-45.01939999999999,0 -66.2711,-45.0191,0 -66.2706,-45.0188,0 -66.2701,-45.01839999999999,0 -66.26959999999998,-45.018,0 -66.269,-45.017599999999995,0 -66.2684,-45.01709999999999,0 -66.2677,-45.01649999999999,0 -66.2671,-45.016,0 -66.26649999999998,-45.0154,0 -66.26590000000002,-45.0149,0 -66.2653,-45.01440000000001,0 -66.2647,-45.014,0 -66.26419999999999,-45.0137,0 -66.26379999999999,-45.0134,0 -66.2634,-45.0132,0 -66.263,-45.01299999999999,0 -66.26259999999999,-45.0128,0 -66.2622,-45.0125,0 -66.26179999999998,-45.012299999999996,0 -66.26140000000001,-45.012,0 -66.261,-45.011599999999994,0 -66.2606,-45.0111,0 -66.2602,-45.0106,0 -66.25969999999998,-45.0101,0 -66.2591,-45.0096,0 -66.25859999999999,-45.00920000000001,0 -66.258,-45.00869999999999,0 -66.2574,-45.008300000000006,0 -66.2567,-45.0081,0 -66.25599999999999,-45.0078,0 -66.25529999999999,-45.0077,0 -66.2546,-45.00749999999999,0 -66.2539,-45.00749999999999,0 -66.25319999999999,-45.0074,0 -66.2526,-45.0073,0 -66.2521,-45.00719999999999,0 -66.2517,-45.007099999999994,0 -66.2514,-45.007,0 -66.2511,-45.0069,0 -66.2509,-45.006699999999995,0 -66.25079999999998,-45.0065,0 -66.25059999999999,-45.0063,0 -66.25049999999999,-45.006099999999996,0 -66.25029999999998,-45.005799999999994,0 -66.2502,-45.00549999999999,0 -66.25,-45.00529999999999,0 -66.2498,-45.005,0 -66.2496,-45.0047,0 -66.2494,-45.0043,0 -66.2492,-45.004,0 -66.249,-45.003699999999995,0 -66.2488,-45.0034,0 -66.2487,-45.0031,0 -66.2485,-45.0027,0 -66.2484,-45.00240000000001,0 -66.24819999999998,-45.0021,0 -66.2481,-45.0018,0 -66.2478,-45.0014,0 -66.2476,-45.001,0 -66.2473,-45.00059999999999,0 -66.2469,-45.00019999999999,0 -66.2464,-44.99980000000001,0 -66.2459,-44.9993,0 -66.24539999999999,-44.99880000000001,0 -66.2448,-44.9983,0 -66.2442,-44.9978,0 -66.2435,-44.997299999999996,0 -66.24279999999999,-44.9968,0 -66.2421,-44.99629999999999,0 -66.2414,-44.9958,0 -66.2406,-44.9953,0 -66.2399,-44.99479999999999,0 -66.239,-44.9944,0 -66.2382,-44.9939,0 -66.2373,-44.9935,0 -66.2364,-44.9932,0 -66.2355,-44.9929,0 -66.23459999999999,-44.992599999999996,0 -66.2336,-44.9924,0 -66.2327,-44.99219999999999,0 -66.23179999999999,-44.9919,0 -66.2309,-44.9917,0 -66.23,-44.9914,0 -66.2293,-44.99100000000001,0 -66.2286,-44.99069999999999,0 -66.228,-44.9902,0 -66.2274,-44.98969999999999,0 -66.2269,-44.9892,0 -66.2265,-44.9887,0 -66.226,-44.9882,0 -66.2256,-44.9876,0 -66.2251,-44.9871,0 -66.2247,-44.986599999999996,0 -66.2243,-44.986099999999986,0 -66.2238,-44.9857,0 -66.2234,-44.9852,0 -66.223,-44.98479999999999,0 -66.2227,-44.9845,0 -66.2224,-44.9841,0 -66.2222,-44.983900000000006,0 -66.22199999999998,-44.9836,0 -66.2218,-44.983399999999996,0 -66.2218,-44.9832,0 -66.2217,-44.9831,0 -66.2217,-44.983,0 -66.22159999999998,-44.982899999999994,0 -66.22159999999998,-44.98279999999999,0 -66.2215,-44.9827,0 -66.22139999999999,-44.9825,0 -66.2212,-44.98239999999999,0 -66.2211,-44.9823,0 -66.22089999999999,-44.98219999999999,0 -66.2208,-44.982099999999996,0 -66.2206,-44.982,0 -66.2204,-44.9819,0 -66.2203,-44.9818,0 -66.2202,-44.98169999999999,0 -66.2201,-44.98169999999999,0 -66.22,-44.98159999999999,0 -66.2199,-44.98149999999999,0 -66.2199,-44.98149999999999,0 -66.21980000000002,-44.981399999999994,0 -66.2197,-44.981399999999994,0 -66.2196,-44.9813,0 -66.21939999999998,-44.981199999999994,0 -66.2193,-44.9811,0 -66.2191,-44.981,0 -66.2189,-44.980799999999995,0 -66.2187,-44.9805,0 -66.2185,-44.9802,0 -66.21839999999999,-44.97979999999998,0 -66.2182,-44.9793,0 -66.218,-44.9787,0 -66.2178,-44.9781,0 -66.2175,-44.9773,0 -66.217,-44.976400000000005,0 -66.21639999999998,-44.9755,0 -66.2154,-44.974500000000006,0 -66.2141,-44.97350000000001,0 -66.21249999999999,-44.97239999999999,0 -66.21039999999999,-44.9713,0 -66.2079,-44.970099999999995,0 -66.2053,-44.96909999999998,0 -66.2025,-44.968,0 -66.1997,-44.96719999999999,0 -66.19689999999999,-44.9664,0 -66.1943,-44.9659,0 -66.1921,-44.9657,0 -66.19009999999999,-44.9657,0 -66.1886,-44.9659,0 -66.18729999999998,-44.9664,0 -66.1862,-44.9669,0 -66.1854,-44.9676,0 -66.1847,-44.9683,0 -66.1841,-44.969,0 -66.1835,-44.96959999999999,0 -66.183,-44.970099999999995,0 -66.1825,-44.970600000000005,0 -66.1819,-44.97089999999999,0 -66.18139999999998,-44.97109999999999,0 -66.1809,-44.9713,0 -66.1805,-44.9715,0 -66.1801,-44.971599999999995,0 -66.17969999999998,-44.9718,0 -66.17929999999998,-44.971900000000005,0 -66.179,-44.971999999999994,0 -66.1787,-44.97209999999999,0 -66.1784,-44.97219999999999,0 -66.17819999999999,-44.972300000000004,0 -66.178,-44.97239999999999,0 -66.1778,-44.9725,0 -66.1776,-44.9726,0 -66.1775,-44.9727,0 -66.1773,-44.9727,0 -66.1772,-44.9728,0 -66.177,-44.9728,0 -66.1768,-44.9728,0 -66.17669999999998,-44.9728,0 -66.1765,-44.9727,0 -66.1763,-44.9726,0 -66.1761,-44.9725,0 -66.1758,-44.97239999999999,0 -66.1755,-44.97219999999999,0 -66.1751,-44.971999999999994,0 -66.1746,-44.9718,0 -66.1739,-44.971599999999995,0 -66.17299999999999,-44.97139999999999,0 -66.172,-44.971199999999996,0 -66.1707,-44.971,0 -66.1693,-44.9707,0 -66.1677,-44.970499999999994,0 -66.16609999999999,-44.970299999999995,0 -66.16449999999999,-44.9702,0 -66.1629,-44.970099999999995,0 -66.1613,-44.97,0 -66.15999999999998,-44.96989999999999,0 -66.1588,-44.96989999999999,0 -66.15779999999998,-44.97,0 -66.157,-44.970099999999995,0 -66.1563,-44.9702,0 -66.15569999999998,-44.970299999999995,0 -66.15519999999998,-44.9704,0 -66.1549,-44.970499999999994,0 -66.15459999999999,-44.970499999999994,0 -66.1543,-44.970600000000005,0 -66.1541,-44.970600000000005,0 -66.1539,-44.970600000000005,0 -66.1536,-44.970600000000005,0 -66.1533,-44.9707,0 -66.1529,-44.97079999999999,0 -66.1524,-44.97089999999999,0 -66.1518,-44.97109999999999,0 -66.151,-44.9713,0 -66.15009999999998,-44.971599999999995,0 -66.1491,-44.971999999999994,0 -66.1481,-44.97239999999999,0 -66.14709999999998,-44.9727,0 -66.1461,-44.973099999999995,0 -66.1451,-44.9734,0 -66.1443,-44.9737,0 -66.14359999999999,-44.9739,0 -66.143,-44.974000000000004,0 -66.1425,-44.97409999999999,0 -66.1422,-44.97409999999999,0 -66.1419,-44.97409999999999,0 -66.14159999999998,-44.97409999999999,0 -66.14139999999999,-44.974000000000004,0 -66.14119999999998,-44.974000000000004,0 -66.14099999999999,-44.974000000000004,0 -66.1408,-44.974000000000004,0 -66.14059999999999,-44.9739,0 -66.1403,-44.9739,0 -66.14000000000001,-44.97379999999999,0 -66.1396,-44.9737,0 -66.13909999999998,-44.9736,0 -66.1385,-44.9734,0 -66.1378,-44.973200000000006,0 -66.1371,-44.972899999999996,0 -66.13619999999999,-44.9726,0 -66.1353,-44.972300000000004,0 -66.1344,-44.971999999999994,0 -66.1335,-44.97169999999999,0 -66.1326,-44.97139999999999,0 -66.13169999999998,-44.9713,0 -66.1309,-44.971199999999996,0 -66.1301,-44.971199999999996,0 -66.1294,-44.971199999999996,0 -66.1288,-44.9713,0 -66.1281,-44.97139999999999,0 -66.12759999999999,-44.9715,0 -66.127,-44.9715,0 -66.1265,-44.971599999999995,0 -66.12609999999998,-44.971599999999995,0 -66.12569999999998,-44.9715,0 -66.1253,-44.9715,0 -66.1248,-44.97139999999999,0 -66.1244,-44.9713,0 -66.1239,-44.9713,0 -66.12329999999999,-44.9713,0 -66.1227,-44.9713,0 -66.122,-44.97139999999999,0 -66.1212,-44.9715,0 -66.1204,-44.971599999999995,0 -66.1195,-44.9718,0 -66.1187,-44.971999999999994,0 -66.1178,-44.97219999999999,0 -66.1171,-44.972300000000004,0 -66.1164,-44.9725,0 -66.1159,-44.9726,0 -66.1154,-44.9727,0 -66.11499999999998,-44.9728,0 -66.11459999999998,-44.9728,0 -66.1141,-44.972899999999996,0 -66.1136,-44.972899999999996,0 -66.113,-44.972899999999996,0 -66.1123,-44.972999999999985,0 -66.11139999999999,-44.973099999999995,0 -66.1104,-44.973200000000006,0 -66.10919999999999,-44.9733,0 -66.1081,-44.9734,0 -66.10689999999998,-44.9736,0 -66.1057,-44.9737,0 -66.10469999999998,-44.9739,0 -66.1037,-44.97409999999999,0 -66.10289999999999,-44.974199999999996,0 -66.1022,-44.9744,0 -66.1016,-44.974599999999995,0 -66.1011,-44.97480000000001,0 -66.1006,-44.9749,0 -66.1,-44.97509999999999,0 -66.0995,-44.9753,0 -66.09879999999998,-44.9755,0 -66.098,-44.9756,0 -66.0971,-44.9758,0 -66.09619999999998,-44.975899999999996,0 -66.09520000000002,-44.97610000000001,0 -66.0943,-44.97619999999999,0 -66.0933,-44.976400000000005,0 -66.0925,-44.976499999999994,0 -66.0917,-44.97659999999999,0 -66.09099999999998,-44.9767,0 -66.0905,-44.9768,0 -66.08999999999999,-44.9769,0 -66.0896,-44.9769,0 -66.0892,-44.977,0 -66.0888,-44.977,0 -66.0884,-44.977,0 -66.0879,-44.9769,0 -66.08739999999999,-44.9768,0 -66.0869,-44.9767,0 -66.08629999999998,-44.97659999999999,0 -66.08569999999999,-44.976499999999994,0 -66.085,-44.9763,0 -66.0844,-44.97619999999999,0 -66.08369999999998,-44.97610000000001,0 -66.08299999999998,-44.975999999999985,0 -66.08239999999999,-44.975999999999985,0 -66.0818,-44.975999999999985,0 -66.0812,-44.975999999999985,0 -66.0806,-44.975999999999985,0 -66.0801,-44.97610000000001,0 -66.0795,-44.97610000000001,0 -66.079,-44.97619999999999,0 -66.0786,-44.97619999999999,0 -66.0781,-44.97619999999999,0 -66.0776,-44.97619999999999,0 -66.0771,-44.97619999999999,0 -66.0765,-44.97619999999999,0 -66.0758,-44.97619999999999,0 -66.075,-44.9763,0 -66.074,-44.976400000000005,0 -66.0728,-44.97659999999999,0 -66.0713,-44.9768,0 -66.06969999999998,-44.9771,0 -66.068,-44.977500000000006,0 -66.0662,-44.9779,0 -66.06449999999998,-44.978300000000004,0 -66.0628,-44.9787,0 -66.0613,-44.9792,0 -66.06,-44.9795,0 -66.05889999999998,-44.979899999999994,0 -66.05799999999999,-44.9802,0 -66.0574,-44.9805,0 -66.0569,-44.980799999999995,0 -66.05649999999999,-44.981,0 -66.05629999999998,-44.981199999999994,0 -66.05599999999998,-44.981399999999994,0 -66.05579999999999,-44.98159999999999,0 -66.05559999999998,-44.98169999999999,0 -66.0553,-44.9818,0 -66.0551,-44.9819,0 -66.0547,-44.982,0 -66.0544,-44.98219999999999,0 -66.05389999999998,-44.98239999999999,0 -66.05339999999998,-44.9826,0 -66.0529,-44.98279999999999,0 -66.0522,-44.9832,0 -66.0515,-44.9835,0 -66.0507,-44.983900000000006,0 -66.0498,-44.98429999999999,0 -66.0489,-44.98479999999999,0 -66.04799999999999,-44.9852,0 -66.0469,-44.9856,0 -66.0459,-44.9859,0 -66.0448,-44.98630000000001,0 -66.0436,-44.98649999999999,0 -66.0425,-44.98680000000001,0 -66.0414,-44.9869,0 -66.04029999999999,-44.9871,0 -66.0393,-44.987199999999994,0 -66.0384,-44.987199999999994,0 -66.03750000000001,-44.987199999999994,0 -66.03679999999999,-44.987199999999994,0 -66.0362,-44.9871,0 -66.0356,-44.98699999999999,0 -66.03509999999999,-44.9869,0 -66.03469999999999,-44.98680000000001,0 -66.03439999999999,-44.9867,0 -66.0341,-44.986599999999996,0 -66.0338,-44.98649999999999,0 -66.0335,-44.98649999999999,0 -66.0333,-44.986399999999996,0 -66.0329,-44.986399999999996,0 -66.03249999999998,-44.986399999999996,0 -66.03209999999999,-44.98630000000001,0 -66.03139999999999,-44.986099999999986,0 -66.0307,-44.9859,0 -66.0297,-44.9856,0 -66.0285,-44.9853,0 -66.0272,-44.98479999999999,0 -66.0257,-44.9844,0 -66.02399999999999,-44.983999999999995,0 -66.0222,-44.983700000000006,0 -66.0203,-44.9835,0 -66.01839999999999,-44.9835,0 -66.0164,-44.9838,0 -66.0143,-44.98429999999999,0 -66.0123,-44.985099999999996,0 -66.01039999999999,-44.986,0 -66.00849999999998,-44.98699999999999,0 -66.0067,-44.988,0 -66.0051,-44.9891,0 -66.0037,-44.9901,0 -66.0025,-44.99100000000001,0 -66.0015,-44.9917,0 -66.0008,-44.99219999999999,0 -66.00029999999998,-44.992599999999996,0 -66,-44.9929,0 -65.99979999999998,-44.993100000000005,0 -65.99959999999999,-44.9932,0 -65.9995,-44.99329999999999,0 -65.9994,-44.993399999999994,0 -65.9993,-44.993399999999994,0 -65.9992,-44.9935,0 -65.999,-44.9935,0 -65.9989,-44.9936,0 -65.9986,-44.9937,0 -65.9984,-44.9937,0 -65.99809999999998,-44.9938,0 -65.9978,-44.9939,0 -65.9974,-44.994,0 -65.99699999999999,-44.9941,0 -65.9965,-44.9943,0 -65.9961,-44.9944,0 -65.9956,-44.9946,0 -65.99509999999998,-44.99479999999999,0 -65.9946,-44.995,0 -65.9941,-44.9952,0 -65.9936,-44.9953,0 -65.9931,-44.99550000000001,0 -65.9926,-44.9958,0 -65.9921,-44.99600000000001,0 -65.99159999999999,-44.996199999999995,0 -65.9911,-44.99640000000001,0 -65.9906,-44.9967,0 -65.9901,-44.9969,0 -65.9896,-44.99719999999999,0 -65.9891,-44.9975,0 -65.98859999999999,-44.9977,0 -65.9881,-44.998,0 -65.9875,-44.9984,0 -65.987,-44.99869999999999,0 -65.98649999999999,-44.998999999999995,0 -65.9859,-44.9993,0 -65.9854,-44.9997,0 -65.9848,-44.99999999999999,0 -65.9843,-45.00039999999999,0 -65.9837,-45.000699999999995,0 -65.9831,-45.00110000000001,0 -65.9825,-45.0015,0 -65.9818,-45.00200000000001,0 -65.98119999999999,-45.00240000000001,0 -65.9805,-45.0029,0 -65.9798,-45.0034,0 -65.9791,-45.004,0 -65.97839999999998,-45.00449999999999,0 -65.9777,-45.00509999999999,0 -65.9769,-45.005599999999994,0 -65.9762,-45.0062,0 -65.9755,-45.006699999999995,0 -65.9749,-45.0073,0 -65.9742,-45.0078,0 -65.9736,-45.008300000000006,0 -65.97309999999999,-45.0088,0 -65.9725,-45.00920000000001,0 -65.972,-45.00969999999999,0 -65.9715,-45.0102,0 -65.971,-45.0106,0 -65.97060000000002,-45.0111,0 -65.97019999999999,-45.011500000000005,0 -65.9699,-45.01189999999999,0 -65.9695,-45.012299999999996,0 -65.9692,-45.0127,0 -65.96899999999998,-45.0131,0 -65.9687,-45.0134,0 -65.9685,-45.0136,0 -65.96829999999999,-45.0139,0 -65.96809999999999,-45.0141,0 -65.96789999999999,-45.01429999999999,0 -65.9677,-45.01440000000001,0 -65.9675,-45.0146,0 -65.9673,-45.014799999999994,0 -65.9671,-45.015,0 -65.9668,-45.01519999999999,0 -65.9665,-45.015499999999996,0 -65.9661,-45.0159,0 -65.96569999999998,-45.01619999999999,0 -65.96529999999998,-45.01659999999999,0 -65.96480000000001,-45.017,0 -65.9644,-45.017399999999995,0 -65.964,-45.01789999999999,0 -65.96359999999999,-45.0183,0 -65.9632,-45.018699999999995,0 -65.9628,-45.019,0 -65.96249999999999,-45.01939999999999,0 -65.96220000000001,-45.01979999999999,0 -65.9619,-45.0201,0 -65.9616,-45.0204,0 -65.9614,-45.0207,0 -65.9611,-45.021,0 -65.9608,-45.02129999999999,0 -65.9606,-45.02159999999999,0 -65.9603,-45.02179999999999,0 -65.96009999999998,-45.02210000000001,0 -65.9598,-45.0224,0 -65.9595,-45.0227,0 -65.9592,-45.023,0 -65.9588,-45.0233,0 -65.95839999999998,-45.02369999999999,0 -65.958,-45.02409999999999,0 -65.9576,-45.024499999999996,0 -65.9572,-45.0249,0 -65.9567,-45.0254,0 -65.9562,-45.0258,0 -65.9557,-45.0262,0 -65.9552,-45.0267,0 -65.9546,-45.0271,0 -65.9541,-45.0275,0 -65.9535,-45.028,0 -65.953,-45.028299999999994,0 -65.9524,-45.0287,0 -65.9519,-45.029,0 -65.95139999999999,-45.02929999999999,0 -65.9509,-45.029500000000006,0 -65.9505,-45.0296,0 -65.95,-45.0297,0 -65.9496,-45.0298,0 -65.9492,-45.0299,0 -65.9487,-45.0299,0 -65.9482,-45.0299,0 -65.9477,-45.0299,0 -65.9471,-45.0299,0 -65.94649999999999,-45.0299,0 -65.94579999999999,-45.03,0 -65.9451,-45.03,0 -65.9444,-45.03,0 -65.94369999999999,-45.03009999999999,0 -65.9431,-45.03009999999999,0 -65.9425,-45.03009999999999,0 -65.942,-45.0302,0 -65.9416,-45.0302,0 -65.94129999999998,-45.0302,0 -65.94109999999999,-45.0302,0 -65.9409,-45.0302,0 -65.9407,-45.0302,0 -65.9404,-45.03009999999999,0 -65.9401,-45.03,0 -65.9398,-45.0299,0 -65.9393,-45.0297,0 -65.9388,-45.029500000000006,0 -65.93820000000001,-45.029199999999996,0 -65.9375,-45.029,0 -65.9369,-45.0287,0 -65.9363,-45.0284,0 -65.9356,-45.028099999999995,0 -65.9351,-45.0278,0 -65.9346,-45.0275,0 -65.9342,-45.02719999999999,0 -65.93389999999998,-45.0268,0 -65.9336,-45.02649999999999,0 -65.93329999999999,-45.0263,0 -65.9331,-45.026,0 -65.93289999999999,-45.0257,0 -65.9326,-45.0255,0 -65.9324,-45.0253,0 -65.9322,-45.0252,0 -65.932,-45.02499999999999,0 -65.93179999999998,-45.0248,0 -65.9315,-45.024699999999996,0 -65.9311,-45.024499999999996,0 -65.93069999999999,-45.02429999999999,0 -65.93029999999999,-45.02400000000001,0 -65.9298,-45.02369999999999,0 -65.9292,-45.023399999999995,0 -65.9286,-45.023,0 -65.9279,-45.02259999999999,0 -65.9272,-45.022299999999994,0 -65.9264,-45.0219,0 -65.9256,-45.02149999999999,0 -65.92479999999999,-45.0212,0 -65.9241,-45.020900000000005,0 -65.9233,-45.0206,0 -65.92249999999999,-45.0203,0 -65.9217,-45.0201,0 -65.9209,-45.0199,0 -65.92009999999999,-45.019699999999986,0 -65.9194,-45.0196,0 -65.91870000000002,-45.019499999999994,0 -65.918,-45.0193,0 -65.91729999999998,-45.0192,0 -65.91669999999999,-45.0191,0 -65.91610000000001,-45.0191,0 -65.91559999999998,-45.019,0 -65.91509999999998,-45.0189,0 -65.91469999999998,-45.0188,0 -65.9144,-45.018699999999995,0 -65.91420000000001,-45.01849999999999,0 -65.91399999999999,-45.01839999999999,0 -65.9139,-45.0182,0 -65.9139,-45.018,0 -65.9139,-45.017799999999994,0 -65.91399999999999,-45.017599999999995,0 -65.91409999999999,-45.01729999999999,0 -65.91420000000001,-45.017,0 -65.9143,-45.0167,0 -65.9144,-45.016299999999994,0 -65.91449999999999,-45.0159,0 -65.9146,-45.015499999999996,0 -65.9146,-45.0151,0 -65.91469999999998,-45.0147,0 -65.9148,-45.0142,0 -65.9148,-45.0137,0 -65.9148,-45.0132,0 -65.9148,-45.0127,0 -65.9148,-45.0122,0 -65.91469999999998,-45.0117,0 -65.9146,-45.011199999999995,0 -65.91449999999999,-45.0107,0 -65.9144,-45.0103,0 -65.9143,-45.0098,0 -65.91420000000001,-45.009299999999996,0 -65.91399999999999,-45.008900000000004,0 -65.9139,-45.008399999999995,0 -65.9137,-45.008,0 -65.9135,-45.0076,0 -65.9134,-45.00719999999999,0 -65.9132,-45.00679999999999,0 -65.91299999999998,-45.0065,0 -65.9128,-45.006099999999996,0 -65.9126,-45.005799999999994,0 -65.9124,-45.00549999999999,0 -65.9122,-45.0052,0 -65.912,-45.00489999999999,0 -65.9118,-45.004599999999996,0 -65.9116,-45.0043,0 -65.91139999999999,-45.004,0 -65.9111,-45.003699999999995,0 -65.9109,-45.0034,0 -65.9106,-45.0031,0 -65.9103,-45.0028,0 -65.90999999999998,-45.00240000000001,0 -65.9097,-45.0021,0 -65.9094,-45.0017,0 -65.909,-45.0013,0 -65.9085,-45.000899999999994,0 -65.908,-45.0005,0 -65.9075,-45.00010000000001,0 -65.907,-44.999599999999994,0 -65.9065,-44.9992,0 -65.9059,-44.99880000000001,0 -65.9053,-44.9984,0 -65.9047,-44.998,0 -65.90409999999999,-44.9977,0 -65.9036,-44.997299999999996,0 -65.90299999999999,-44.997,0 -65.9024,-44.9968,0 -65.9019,-44.9965,0 -65.90129999999999,-44.99629999999999,0 -65.90079999999999,-44.99600000000001,0 -65.9003,-44.9958,0 -65.8999,-44.9956,0 -65.89939999999999,-44.99539999999998,0 -65.899,-44.9953,0 -65.8986,-44.9951,0 -65.8982,-44.994899999999994,0 -65.8977,-44.99479999999999,0 -65.8973,-44.9946,0 -65.8969,-44.9944,0 -65.8964,-44.9943,0 -65.89589999999998,-44.9941,0 -65.8954,-44.9939,0 -65.8949,-44.9938,0 -65.8944,-44.9936,0 -65.8939,-44.9935,0 -65.89340000000001,-44.99329999999999,0 -65.8929,-44.9932,0 -65.8924,-44.993,0 -65.8919,-44.9929,0 -65.8914,-44.9928,0 -65.89089999999999,-44.992599999999996,0 -65.8904,-44.9925,0 -65.88999999999999,-44.9924,0 -65.8895,-44.99230000000001,0 -65.8891,-44.99219999999999,0 -65.8887,-44.9921,0 -65.88829999999999,-44.99199999999999,0 -65.88789999999999,-44.9919,0 -65.88749999999999,-44.99179999999999,0 -65.88719999999999,-44.9917,0 -65.8869,-44.9917,0 -65.8866,-44.99159999999999,0 -65.8863,-44.99159999999999,0 -65.8861,-44.9915,0 -65.88599999999998,-44.9915,0 -65.8858,-44.9915,0 -65.88569999999999,-44.9914,0 -65.8856,-44.9914,0 -65.88549999999998,-44.9914,0 -65.8854,-44.9914,0 -65.88529999999999,-44.9913,0 -65.8852,-44.9913,0 -65.885,-44.9913,0 -65.88489999999999,-44.9912,0 -65.8847,-44.9912,0 -65.88459999999999,-44.9911,0 -65.8843,-44.9911,0 -65.8841,-44.99100000000001,0 -65.8837,-44.99090000000001,0 -65.88339999999998,-44.9908,0 -65.8829,-44.99069999999999,0 -65.8824,-44.99049999999999,0 -65.8818,-44.9904,0 -65.8812,-44.9902,0 -65.88039999999998,-44.9901,0 -65.8795,-44.98989999999999,0 -65.8786,-44.98969999999999,0 -65.87749999999998,-44.989599999999996,0 -65.8763,-44.9894,0 -65.8751,-44.98929999999999,0 -65.87379999999999,-44.9892,0 -65.8726,-44.9891,0 -65.8714,-44.98899999999999,0 -65.8703,-44.98899999999999,0 -65.86929999999998,-44.98899999999999,0 -65.8684,-44.98899999999999,0 -65.86759999999998,-44.9891,0 -65.867,-44.9892,0 -65.8664,-44.98929999999999,0 -65.866,-44.9894,0 -65.86550000000001,-44.9895,0 -65.8652,-44.989599999999996,0 -65.8648,-44.98969999999999,0 -65.8644,-44.98969999999999,0 -65.86409999999998,-44.98969999999999,0 -65.8638,-44.98969999999999,0 -65.8634,-44.98969999999999,0 -65.863,-44.98969999999999,0 -65.8627,-44.989599999999996,0 -65.8622,-44.9895,0 -65.86179999999999,-44.9894,0 -65.86129999999999,-44.98929999999999,0 -65.8608,-44.9892,0 -65.8603,-44.9891,0 -65.8597,-44.98899999999999,0 -65.85909999999998,-44.9889,0 -65.85849999999999,-44.9888,0 -65.8579,-44.9887,0 -65.8572,-44.9887,0 -65.8565,-44.9886,0 -65.85589999999999,-44.9885,0 -65.8552,-44.9885,0 -65.8545,-44.98839999999999,0 -65.8538,-44.98839999999999,0 -65.85309999999998,-44.988299999999995,0 -65.8523,-44.988299999999995,0 -65.8516,-44.988299999999995,0 -65.85089999999998,-44.988299999999995,0 -65.8502,-44.988299999999995,0 -65.8494,-44.988299999999995,0 -65.8487,-44.988299999999995,0 -65.848,-44.988299999999995,0 -65.8472,-44.98839999999999,0 -65.8464,-44.98839999999999,0 -65.8456,-44.9885,0 -65.84470000000002,-44.9885,0 -65.8438,-44.9886,0 -65.84289999999999,-44.9887,0 -65.842,-44.9888,0 -65.8411,-44.98899999999999,0 -65.84020000000001,-44.9891,0 -65.8393,-44.98929999999999,0 -65.83839999999998,-44.989599999999996,0 -65.8375,-44.989799999999995,0 -65.8366,-44.9901,0 -65.8358,-44.9904,0 -65.83499999999998,-44.99069999999999,0 -65.83409999999999,-44.9911,0 -65.8334,-44.9915,0 -65.83259999999999,-44.9919,0 -65.8318,-44.99230000000001,0 -65.83099999999999,-44.9927,0 -65.8303,-44.993100000000005,0 -65.82959999999999,-44.9935,0 -65.82889999999999,-44.9939,0 -65.8282,-44.9943,0 -65.8275,-44.9947,0 -65.82689999999998,-44.9951,0 -65.82629999999999,-44.99539999999998,0 -65.8257,-44.9957,0 -65.8252,-44.99600000000001,0 -65.8247,-44.996199999999995,0 -65.8242,-44.9965,0 -65.82369999999999,-44.9967,0 -65.82330000000002,-44.9969,0 -65.8228,-44.9971,0 -65.8224,-44.997299999999996,0 -65.822,-44.9975,0 -65.82159999999999,-44.9977,0 -65.8212,-44.997899999999994,0 -65.82070000000002,-44.998099999999994,0 -65.8203,-44.9984,0 -65.8198,-44.998599999999996,0 -65.81919999999998,-44.9989,0 -65.8186,-44.9992,0 -65.818,-44.999599999999994,0 -65.8173,-44.99999999999999,0 -65.81659999999998,-45.0003,0 -65.8158,-45.000699999999995,0 -65.8151,-45.00110000000001,0 -65.8144,-45.0014,0 -65.81369999999998,-45.0017,0 -65.81309999999999,-45.00189999999999,0 -65.8126,-45.0021,0 -65.812,-45.0022,0 -65.8116,-45.0022,0 -65.8111,-45.00229999999999,0 -65.8106,-45.00229999999999,0 -65.81009999999999,-45.00229999999999,0 -65.80959999999999,-45.0022,0 -65.809,-45.0022,0 -65.8083,-45.0022,0 -65.80749999999999,-45.00229999999999,0 -65.8066,-45.00229999999999,0 -65.8057,-45.00229999999999,0 -65.8047,-45.00240000000001,0 -65.8037,-45.00249999999999,0 -65.8026,-45.0027,0 -65.8014,-45.0029,0 -65.80019999999999,-45.0031,0 -65.79899999999999,-45.0033,0 -65.79779999999998,-45.0036,0 -65.79670000000002,-45.0039,0 -65.79559999999998,-45.0042,0 -65.79449999999999,-45.00449999999999,0 -65.7935,-45.00489999999999,0 -65.79259999999998,-45.0052,0 -65.79189999999998,-45.005599999999994,0 -65.7912,-45.0059,0 -65.7907,-45.0063,0 -65.7902,-45.0065,0 -65.78979999999999,-45.00679999999999,0 -65.78939999999999,-45.0069,0 -65.78909999999999,-45.007,0 -65.78869999999999,-45.007,0 -65.7884,-45.0069,0 -65.788,-45.006699999999995,0 -65.7876,-45.0065,0 -65.7871,-45.0062,0 -65.7864,-45.006,0 -65.7857,-45.0057,0 -65.7847,-45.005599999999994,0 -65.7836,-45.00549999999999,0 -65.7823,-45.00549999999999,0 -65.7808,-45.005599999999994,0 -65.7792,-45.005799999999994,0 -65.7775,-45.006,0 -65.7758,-45.0062,0 -65.7741,-45.0065,0 -65.7725,-45.006699999999995,0 -65.77099999999999,-45.0069,0 -65.7697,-45.007099999999994,0 -65.7685,-45.00719999999999,0 -65.7674,-45.0073,0 -65.7664,-45.0073,0 -65.7656,-45.0074,0 -65.76469999999999,-45.00749999999999,0 -65.7639,-45.0076,0 -65.7631,-45.0077,0 -65.76229999999998,-45.00789999999999,0 -65.7614,-45.0081,0 -65.76059999999998,-45.008399999999995,0 -65.7598,-45.00869999999999,0 -65.7591,-45.00899999999999,0 -65.7584,-45.00920000000001,0 -65.7577,-45.0095,0 -65.7572,-45.00969999999999,0 -65.7568,-45.0099,0 -65.7565,-45.00999999999999,0 -65.7562,-45.0101,0 -65.756,-45.0102,0 -65.7558,-45.0103,0 -65.7556,-45.0103,0 -65.75539999999998,-45.0104,0 -65.7552,-45.0104,0 -65.7549,-45.01050000000001,0 -65.75449999999998,-45.01050000000001,0 -65.7541,-45.0106,0 -65.7537,-45.0106,0 -65.7533,-45.0107,0 -65.75279999999998,-45.0107,0 -65.7523,-45.0107,0 -65.7518,-45.0107,0 -65.7513,-45.010799999999996,0 -65.7508,-45.0107,0 -65.7503,-45.0107,0 -65.7497,-45.0107,0 -65.74919999999999,-45.0107,0 -65.7487,-45.0107,0 -65.7481,-45.0106,0 -65.7476,-45.0106,0 -65.74699999999999,-45.0106,0 -65.74649999999998,-45.0106,0 -65.74589999999999,-45.0106,0 -65.74540000000002,-45.0106,0 -65.7449,-45.0106,0 -65.74439999999998,-45.0106,0 -65.74389999999998,-45.0107,0 -65.7434,-45.0107,0 -65.743,-45.0107,0 -65.7426,-45.0107,0 -65.7422,-45.0107,0 -65.74179999999998,-45.0107,0 -65.7413,-45.010799999999996,0 -65.74090000000001,-45.010799999999996,0 -65.7404,-45.010799999999996,0 -65.7399,-45.010799999999996,0 -65.7394,-45.01089999999999,0 -65.73879999999998,-45.01089999999999,0 -65.73809999999999,-45.010999999999996,0 -65.7374,-45.010999999999996,0 -65.7367,-45.0111,0 -65.73589999999999,-45.011199999999995,0 -65.7351,-45.011399999999995,0 -65.7342,-45.011599999999994,0 -65.73329999999999,-45.01180000000001,0 -65.7324,-45.012,0 -65.7315,-45.012299999999996,0 -65.7306,-45.01259999999999,0 -65.7296,-45.0129,0 -65.7287,-45.0132,0 -65.72779999999999,-45.0136,0 -65.7269,-45.014,0 -65.7261,-45.01440000000001,0 -65.7253,-45.0147,0 -65.72449999999999,-45.01519999999999,0 -65.72369999999998,-45.0156,0 -65.7229,-45.016,0 -65.7222,-45.01649999999999,0 -65.72140000000002,-45.017,0 -65.7207,-45.0175,0 -65.71999999999998,-45.01809999999999,0 -65.7192,-45.0186,0 -65.7185,-45.0192,0 -65.71779999999998,-45.0199,0 -65.71709999999999,-45.0205,0 -65.7165,-45.0212,0 -65.7159,-45.0219,0 -65.7154,-45.02259999999999,0 -65.71499999999999,-45.0233,0 -65.71459999999999,-45.0239,0 -65.71430000000001,-45.02460000000001,0 -65.7138,-45.0252,0 -65.7133,-45.0258,0 -65.71259999999998,-45.0263,0 -65.71169999999998,-45.0267,0 -65.71049999999998,-45.027,0 -65.7092,-45.02719999999999,0 -65.7075,-45.02719999999999,0 -65.7057,-45.02719999999999,0 -65.70379999999999,-45.0271,0 -65.7018,-45.0269,0 -65.6999,-45.0266,0 -65.69789999999999,-45.0263,0 -65.69610000000002,-45.02589999999999,0 -65.6944,-45.0256,0 -65.6928,-45.0252,0 -65.6913,-45.0248,0 -65.6898,-45.024499999999996,0 -65.6883,-45.02429999999999,0 -65.6868,-45.02409999999999,0 -65.6852,-45.02400000000001,0 -65.6836,-45.02409999999999,0 -65.68169999999999,-45.02429999999999,0 -65.67979999999999,-45.02460000000001,0 -65.6778,-45.0249,0 -65.6758,-45.0254,0 -65.6738,-45.0258,0 -65.6719,-45.0262,0 -65.6701,-45.0266,0 -65.6684,-45.0268,0 -65.66679999999998,-45.027,0 -65.6655,-45.027,0 -65.66419999999998,-45.027,0 -65.6631,-45.0269,0 -65.662,-45.0268,0 -65.66099999999999,-45.0266,0 -65.6601,-45.02649999999999,0 -65.6591,-45.0264,0 -65.6582,-45.0262,0 -65.6572,-45.0262,0 -65.65619999999998,-45.0261,0 -65.6552,-45.0261,0 -65.6542,-45.026,0 -65.65319999999998,-45.026,0 -65.6523,-45.02589999999999,0 -65.65130000000002,-45.0258,0 -65.65039999999999,-45.0257,0 -65.6494,-45.0255,0 -65.6486,-45.0253,0 -65.6477,-45.02510000000001,0 -65.64680000000001,-45.0248,0 -65.646,-45.02460000000001,0 -65.64519999999999,-45.02429999999999,0 -65.6444,-45.02400000000001,0 -65.64369999999998,-45.0238,0 -65.64290000000001,-45.0235,0 -65.64219999999999,-45.0233,0 -65.64160000000001,-45.02309999999999,0 -65.641,-45.02289999999999,0 -65.64039999999999,-45.0227,0 -65.63999999999999,-45.02250000000001,0 -65.6395,-45.0224,0 -65.6392,-45.022299999999994,0 -65.639,-45.0222,0 -65.6388,-45.02199999999999,0 -65.6387,-45.0219,0 -65.6387,-45.021699999999996,0 -65.6388,-45.0214,0 -65.6391,-45.020900000000005,0 -65.6394,-45.0204,0 -65.6398,-45.019699999999986,0 -65.64039999999999,-45.0188,0 -65.6409,-45.01789999999999,0 -65.6415,-45.0169,0 -65.64209999999999,-45.0158,0 -65.6427,-45.0147,0 -65.64319999999998,-45.0135,0 -65.6436,-45.01239999999999,0 -65.6439,-45.011399999999995,0 -65.644,-45.0104,0 -65.6441,-45.0094,0 -65.6441,-45.008399999999995,0 -65.644,-45.00749999999999,0 -65.6438,-45.00659999999999,0 -65.6436,-45.005799999999994,0 -65.64329999999998,-45.00489999999999,0 -65.64299999999999,-45.0041,0 -65.64259999999999,-45.0033,0 -65.64219999999999,-45.00249999999999,0 -65.6418,-45.0018,0 -65.6413,-45.001,0 -65.6408,-45.00019999999999,0 -65.6403,-44.999399999999994,0 -65.6397,-44.99869999999999,0 -65.639,-44.997899999999994,0 -65.6383,-44.9971,0 -65.6376,-44.99640000000001,0 -65.6368,-44.9956,0 -65.636,-44.994899999999994,0 -65.6352,-44.99419999999999,0 -65.63439999999999,-44.9935,0 -65.6335,-44.9929,0 -65.6326,-44.99230000000001,0 -65.63179999999998,-44.99179999999999,0 -65.6309,-44.9914,0 -65.63009999999998,-44.99090000000001,0 -65.6293,-44.99059999999999,0 -65.62849999999999,-44.9902,0 -65.6278,-44.98989999999999,0 -65.6272,-44.98969999999999,0 -65.62659999999998,-44.9895,0 -65.6262,-44.98929999999999,0 -65.6258,-44.9891,0 -65.6254,-44.9889,0 -65.6251,-44.9888,0 -65.62489999999998,-44.9886,0 -65.6248,-44.98839999999999,0 -65.6247,-44.9882,0 -65.6246,-44.988,0 -65.6246,-44.9877,0 -65.6246,-44.9874,0 -65.6246,-44.9871,0 -65.6247,-44.98680000000001,0 -65.6248,-44.98649999999999,0 -65.6248,-44.9862,0 -65.62489999999998,-44.9859,0 -65.62489999999998,-44.9856,0 -65.62489999999998,-44.985400000000006,0 -65.62489999999998,-44.9852,0 -65.62489999999998,-44.98499999999999,0 -65.62489999999998,-44.98479999999999,0 -65.62489999999998,-44.98469999999999,0 -65.62489999999998,-44.9845,0 -65.62489999999998,-44.9844,0 -65.62489999999998,-44.98429999999999,0 -65.62489999999998,-44.98429999999999,0 -65.62489999999998,-44.9842,0 -65.62489999999998,-44.983999999999995,0 -65.62489999999998,-44.9838,0 -65.625,-44.9836,0 -65.625,-44.9832,0 -65.6251,-44.9827,0 -65.6252,-44.982099999999996,0 -65.6253,-44.981399999999994,0 -65.6254,-44.980599999999995,0 -65.6255,-44.9797,0 -65.6256,-44.97879999999999,0 -65.6256,-44.977799999999995,0 -65.6256,-44.9769,0 -65.6256,-44.975899999999996,0 -65.6255,-44.974999999999994,0 -65.6253,-44.974199999999996,0 -65.6252,-44.9733,0 -65.62489999999998,-44.9726,0 -65.6247,-44.9718,0 -65.62439999999998,-44.971199999999996,0 -65.6241,-44.970499999999994,0 -65.62379999999999,-44.96989999999999,0 -65.62349999999999,-44.9694,0 -65.6232,-44.96889999999999,0 -65.6228,-44.96840000000001,0 -65.6225,-44.968,0 -65.6222,-44.9676,0 -65.62189999999998,-44.967299999999994,0 -65.62159999999999,-44.967,0 -65.6213,-44.9666,0 -65.6211,-44.9664,0 -65.62079999999999,-44.9661,0 -65.6206,-44.965799999999994,0 -65.6204,-44.965599999999995,0 -65.62020000000001,-44.9654,0 -65.62,-44.9652,0 -65.6199,-44.9651,0 -65.6198,-44.9649,0 -65.61969999999998,-44.9648,0 -65.6196,-44.9647,0 -65.6195,-44.964600000000004,0 -65.6195,-44.964600000000004,0 -65.6194,-44.9645,0 -65.6194,-44.9643,0 -65.61929999999998,-44.9642,0 -65.61929999999998,-44.964,0 -65.6192,-44.9637,0 -65.6191,-44.9634,0 -65.61899999999999,-44.9631,0 -65.61879999999998,-44.96269999999999,0 -65.6187,-44.96229999999999,0 -65.6184,-44.96189999999999,0 -65.61819999999999,-44.96150000000001,0 -65.61789999999999,-44.961099999999995,0 -65.61760000000001,-44.9606,0 -65.6172,-44.96020000000001,0 -65.6168,-44.9597,0 -65.61639999999998,-44.95929999999999,0 -65.6161,-44.9588,0 -65.6157,-44.9583,0 -65.6154,-44.95779999999999,0 -65.6152,-44.95729999999999,0 -65.6151,-44.9567,0 -65.61489999999999,-44.9562,0 -65.6148,-44.95559999999999,0 -65.6147,-44.954899999999995,0 -65.6145,-44.9543,0 -65.6142,-44.9536,0 -65.6137,-44.95280000000001,0 -65.61299999999999,-44.95199999999999,0 -65.6122,-44.95119999999999,0 -65.61109999999998,-44.950299999999984,0 -65.6099,-44.9494,0 -65.6085,-44.9485,0 -65.60709999999999,-44.947700000000005,0 -65.60559999999998,-44.94690000000001,0 -65.604,-44.94619999999999,0 -65.60239999999999,-44.9455,0 -65.60089999999998,-44.945,0 -65.59940000000002,-44.94449999999999,0 -65.59789999999998,-44.9441,0 -65.59649999999999,-44.943799999999996,0 -65.5952,-44.9436,0 -65.594,-44.9434,0 -65.5929,-44.943299999999994,0 -65.59199999999998,-44.9432,0 -65.5912,-44.9432,0 -65.5906,-44.943099999999994,0 -65.5901,-44.943099999999994,0 -65.58969999999998,-44.943099999999994,0 -65.5893,-44.943099999999994,0 -65.58899999999998,-44.943099999999994,0 -65.58879999999999,-44.943099999999994,0 -65.5886,-44.943099999999994,0 -65.58829999999999,-44.943099999999994,0 -65.5881,-44.943,0 -65.5878,-44.943,0 -65.5876,-44.9429,0 -65.58729999999998,-44.94279999999999,0 -65.5871,-44.94279999999999,0 -65.58679999999998,-44.94279999999999,0 -65.5865,-44.94279999999999,0 -65.58619999999999,-44.94279999999999,0 -65.5859,-44.94279999999999,0 -65.5855,-44.9429,0 -65.5852,-44.943,0 -65.585,-44.943099999999994,0 -65.58469999999998,-44.943099999999994,0 -65.5845,-44.9432,0 -65.5843,-44.9432,0 -65.5841,-44.9432,0 -65.58399999999999,-44.943099999999994,0 -65.5839,-44.943,0 -65.58379999999998,-44.9429,0 -65.5837,-44.94279999999999,0 -65.5837,-44.9427,0 -65.58359999999999,-44.9426,0 -65.5834,-44.9424,0 -65.5833,-44.942299999999996,0 -65.58309999999999,-44.94220000000001,0 -65.5829,-44.942099999999996,0 -65.5827,-44.94199999999999,0 -65.5824,-44.9418,0 -65.5822,-44.94169999999999,0 -65.582,-44.941599999999994,0 -65.5818,-44.941599999999994,0 -65.58169999999998,-44.9415,0 -65.5815,-44.9414,0 -65.58139999999999,-44.9413,0 -65.5813,-44.941199999999995,0 -65.5811,-44.9411,0 -65.58099999999999,-44.940999999999995,0 -65.5809,-44.940999999999995,0 -65.5807,-44.9409,0 -65.5806,-44.9409,0 -65.5804,-44.9408,0 -65.5802,-44.9408,0 -65.5799,-44.9407,0 -65.5797,-44.9407,0 -65.5794,-44.9406,0 -65.57909999999998,-44.9405,0 -65.5787,-44.94039999999999,0 -65.57839999999999,-44.94029999999999,0 -65.578,-44.9402,0 -65.5776,-44.940099999999994,0 -65.5773,-44.9399,0 -65.577,-44.939699999999995,0 -65.5767,-44.93950000000001,0 -65.57649999999998,-44.939299999999996,0 -65.57649999999998,-44.93910000000001,0 -65.57649999999998,-44.9389,0 -65.5766,-44.9386,0 -65.5767,-44.93839999999999,0 -65.5768,-44.93809999999999,0 -65.577,-44.93780000000001,0 -65.577,-44.9375,0 -65.577,-44.9372,0 -65.5768,-44.9368,0 -65.57649999999998,-44.93650000000001,0 -65.57599999999998,-44.9362,0 -65.5754,-44.9358,0 -65.5748,-44.935399999999994,0 -65.5741,-44.9351,0 -65.5735,-44.93470000000001,0 -65.57280000000002,-44.93429999999999,0 -65.5723,-44.933899999999994,0 -65.5718,-44.933600000000006,0 -65.5714,-44.9332,0 -65.57109999999999,-44.9328,0 -65.5709,-44.9324,0 -65.5708,-44.932,0 -65.5707,-44.931599999999996,0 -65.57059999999998,-44.9312,0 -65.57059999999998,-44.9308,0 -65.5707,-44.93030000000001,0 -65.5708,-44.929899999999996,0 -65.5709,-44.9294,0 -65.57109999999999,-44.92889999999999,0 -65.57129999999998,-44.92840000000001,0 -65.5716,-44.92799999999999,0 -65.572,-44.927499999999995,0 -65.5724,-44.9271,0 -65.573,-44.92669999999999,0 -65.57359999999998,-44.9263,0 -65.5742,-44.926,0 -65.575,-44.92569999999999,0 -65.57579999999999,-44.9254,0 -65.5767,-44.9252,0 -65.5776,-44.9251,0 -65.5785,-44.92499999999999,0 -65.57949999999998,-44.924899999999994,0 -65.5806,-44.924899999999994,0 -65.58159999999998,-44.924899999999994,0 -65.5827,-44.9248,0 -65.5837,-44.92470000000001,0 -65.5846,-44.9244,0 -65.5856,-44.924,0 -65.58639999999998,-44.9235,0 -65.58719999999998,-44.9227,0 -65.5879,-44.9218,0 -65.5885,-44.92079999999999,0 -65.58899999999998,-44.9197,0 -65.5895,-44.91859999999999,0 -65.58989999999999,-44.91759999999999,0 -65.5902,-44.9166,0 -65.5905,-44.9158,0 -65.5908,-44.9151,0 -65.59100000000001,-44.9146,0 -65.5911,-44.9142,0 -65.5913,-44.91380000000001,0 -65.5914,-44.9136,0 -65.5915,-44.91340000000001,0 -65.59159999999999,-44.91309999999999,0 -65.5917,-44.9129,0 -65.59179999999999,-44.912600000000005,0 -65.5919,-44.9123,0 -65.59199999999998,-44.91190000000001,0 -65.5921,-44.9116,0 -65.5922,-44.9112,0 -65.59230000000001,-44.910900000000005,0 -65.59230000000001,-44.91049999999999,0 -65.59239999999998,-44.91029999999999,0 -65.59249999999999,-44.910000000000004,0 -65.59249999999999,-44.9098,0 -65.5926,-44.909699999999994,0 -65.59269999999998,-44.909400000000005,0 -65.5928,-44.90919999999999,0 -65.5929,-44.90890000000001,0 -65.593,-44.9085,0 -65.5932,-44.9079,0 -65.59349999999999,-44.9073,0 -65.5937,-44.9065,0 -65.59389999999999,-44.9057,0 -65.59360000000001,-44.9037,0 -65.593,-44.9037,0</coordinates></LinearRing></outerBoundaryIs></Polygon><Polygon><outerBoundaryIs><LinearRing><coordinates>-66.074,-45.115500000000004,0 -66.0739,-45.1156,0 -66.0734,-45.1153,0 -66.07269999999998,-45.115,0 -66.07199999999999,-45.1147,0 -66.0713,-45.114399999999996,0 -66.0704,-45.11399999999999,0 -66.06949999999999,-45.1137,0 -66.0685,-45.11330000000001,0 -66.0676,-45.113,0 -66.0665,-45.1127,0 -66.0655,-45.1124,0 -66.06449999999998,-45.112199999999994,0 -66.0635,-45.111999999999995,0 -66.0626,-45.1118,0 -66.06169999999999,-45.111699999999985,0 -66.06079999999999,-45.111699999999985,0 -66.06,-45.1116,0 -66.05929999999998,-45.1116,0 -66.05859999999998,-45.1116,0 -66.05799999999999,-45.1115,0 -66.05749999999999,-45.1115,0 -66.0571,-45.1115,0 -66.0567,-45.1115,0 -66.05629999999998,-45.1114,0 -66.05579999999999,-45.1114,0 -66.0553,-45.1114,0 -66.0547,-45.1114,0 -66.054,-45.1113,0 -66.05319999999999,-45.1113,0 -66.0521,-45.1113,0 -66.05089999999998,-45.1114,0 -66.0495,-45.1116,0 -66.0479,-45.1118,0 -66.046,-45.112199999999994,0 -66.0439,-45.1127,0 -66.0415,-45.1134,0 -66.0389,-45.1143,0 -66.03609999999999,-45.1153,0 -66.03319999999998,-45.1165,0 -66.0305,-45.117900000000006,0 -66.028,-45.1195,0 -66.0259,-45.1211,0 -66.02429999999998,-45.12289999999999,0 -66.0233,-45.1248,0 -66.023,-45.126799999999996,0 -66.0234,-45.1288,0 -66.02429999999998,-45.130799999999994,0 -66.0256,-45.1328,0 -66.0271,-45.134699999999995,0 -66.0287,-45.1364,0 -66.0302,-45.138,0 -66.0317,-45.13929999999999,0 -66.0328,-45.1403,0 -66.0338,-45.1412,0 -66.0345,-45.141799999999996,0 -66.0352,-45.1423,0 -66.0357,-45.1426,0 -66.0362,-45.1429,0 -66.0367,-45.14319999999999,0 -66.03729999999999,-45.1434,0 -66.038,-45.1438,0 -66.0388,-45.144200000000005,0 -66.0396,-45.1446,0 -66.04049999999998,-45.145,0 -66.0414,-45.1454,0 -66.0423,-45.14580000000001,0 -66.04309999999998,-45.1462,0 -66.0439,-45.146499999999996,0 -66.04460000000002,-45.146800000000006,0 -66.04519999999998,-45.14710000000001,0 -66.0459,-45.147299999999994,0 -66.0466,-45.14759999999999,0 -66.0477,-45.1479,0 -66.0491,-45.1483,0 -66.0503,-45.14849999999999,0 -66.05299999999998,-45.14869999999999,0 -66.0597,-45.1489,0 -66.0656,-45.1489,0 -66.0706,-45.14849999999999,0 -66.0745,-45.14759999999999,0 -66.07719999999999,-45.1462,0 -66.0786,-45.14509999999999,0 -66.08029999999998,-45.1433,0 -66.0818,-45.1416,0 -66.08309999999999,-45.1401,0 -66.08409999999999,-45.13869999999999,0 -66.08479999999999,-45.1373,0 -66.0854,-45.1361,0 -66.0858,-45.135,0 -66.0861,-45.1338,0 -66.0861,-45.133599999999994,0 -66.0862,-45.133599999999994,0 -66.08889999999998,-45.134299999999996,0 -66.0916,-45.134899999999995,0 -66.0944,-45.1354,0 -66.0972,-45.1356,0 -66.1,-45.1356,0 -66.103,-45.1351,0 -66.106,-45.13419999999999,0 -66.1091,-45.1328,0 -66.1123,-45.130799999999994,0 -66.11549999999998,-45.128099999999996,0 -66.1184,-45.1248,0 -66.12069999999999,-45.1211,0 -66.1218,-45.1171,0 -66.1216,-45.113,0 -66.1195,-45.10869999999999,0 -66.11499999999998,-45.1054,0 -66.10729999999998,-45.1031,0 -66.09769999999999,-45.1029,0 -66.0892,-45.103,0 -66.08299999999998,-45.1054,0 -66.0785,-45.10850000000001,0 -66.0756,-45.11189999999999,0 -66.074,-45.115500000000004,0</coordinates></LinearRing></outerBoundaryIs></Polygon><Polygon><outerBoundaryIs><LinearRing><coordinates>-65.481,-45.0267,0 -65.48549999999999,-45.0269,0 -65.492,-45.0261,0 -65.49629999999999,-45.02419999999999,0 -65.49869999999999,-45.0222,0 -65.5011,-45.020199999999996,0 -65.5037,-45.0175,0 -65.5061,-45.0149,0 -65.5092,-45.0094,0 -65.51009999999998,-45.003699999999995,0 -65.5098,-45.00059999999999,0 -65.5092,-44.997,0 -65.5082,-44.99539999999998,0 -65.506,-44.99090000000001,0 -65.50169999999999,-44.9876,0 -65.4985,-44.986,0 -65.49579999999999,-44.98479999999999,0 -65.4922,-44.9838,0 -65.49,-44.9833,0 -65.48809999999999,-44.98279999999999,0 -65.4844,-44.982,0 -65.48309999999998,-44.982,0 -65.4804,-44.98219999999999,0 -65.4771,-44.9832,0 -65.4758,-44.9838,0 -65.4709,-44.986099999999986,0 -65.46879999999999,-44.9875,0 -65.467,-44.9889,0 -65.4645,-44.99090000000001,0 -65.4629,-44.993,0 -65.46099999999998,-44.9951,0 -65.4594,-44.998,0 -65.458,-45.004,0 -65.4581,-45.008,0 -65.4596,-45.0131,0 -65.4629,-45.018,0 -65.46689999999998,-45.02149999999999,0 -65.47189999999999,-45.02429999999999,0 -65.47699999999999,-45.02589999999999,0 -65.481,-45.0267,0</coordinates></LinearRing></outerBoundaryIs></Polygon><Polygon><outerBoundaryIs><LinearRing><coordinates>-66.4003,-45.21209999999999,0 -66.4076,-45.2127,0 -66.4151,-45.2116,0 -66.4216,-45.2075,0 -66.4256,-45.20259999999999,0 -66.427,-45.1949,0 -66.4263,-45.1896,0 -66.42649999999999,-45.1873,0 -66.4268,-45.1843,0 -66.4254,-45.1779,0 -66.4223,-45.17349999999999,0 -66.4174,-45.170399999999994,0 -66.4108,-45.1684,0 -66.40569999999998,-45.1691,0 -66.4013,-45.170500000000004,0 -66.3916,-45.17459999999999,0 -66.38979999999998,-45.176,0 -66.384,-45.1781,0 -66.38129999999998,-45.1813,0 -66.3779,-45.18659999999999,0 -66.3771,-45.19169999999999,0 -66.3774,-45.19559999999999,0 -66.3795,-45.20139999999999,0 -66.3835,-45.20629999999999,0 -66.3881,-45.2091,0 -66.3907,-45.20969999999999,0 -66.3961,-45.2118,0 -66.4003,-45.21209999999999,0</coordinates></LinearRing></outerBoundaryIs></Polygon><Polygon><outerBoundaryIs><LinearRing><coordinates>-65.36339999999998,-45.1375,0 -65.3637,-45.1375,0 -65.3641,-45.1375,0 -65.3645,-45.1375,0 -65.36509999999998,-45.1374,0 -65.36579999999998,-45.1372,0 -65.3666,-45.13699999999999,0 -65.36749999999999,-45.1367,0 -65.3686,-45.13629999999999,0 -65.36959999999999,-45.136,0 -65.37069999999999,-45.1356,0 -65.37179999999998,-45.135200000000005,0 -65.3728,-45.134899999999995,0 -65.37369999999999,-45.1346,0 -65.3746,-45.134299999999996,0 -65.3753,-45.13399999999999,0 -65.37589999999999,-45.1338,0 -65.37649999999998,-45.13369999999999,0 -65.37699999999998,-45.133500000000005,0 -65.3774,-45.1334,0 -65.3778,-45.1332,0 -65.37810000000002,-45.1331,0 -65.3784,-45.133,0 -65.3788,-45.1329,0 -65.37909999999998,-45.13269999999999,0 -65.3795,-45.1325,0 -65.3801,-45.1323,0 -65.3807,-45.13199999999999,0 -65.38149999999999,-45.1317,0 -65.3825,-45.131299999999996,0 -65.3838,-45.130799999999994,0 -65.3851,-45.130300000000005,0 -65.3866,-45.1297,0 -65.388,-45.129,0 -65.3894,-45.1282,0 -65.3907,-45.12729999999999,0 -65.39169999999999,-45.1264,0 -65.39249999999998,-45.1254,0 -65.393,-45.12429999999999,0 -65.39319999999998,-45.1232,0 -65.39319999999998,-45.12199999999999,0 -65.393,-45.12089999999999,0 -65.3926,-45.119799999999984,0 -65.3922,-45.11879999999999,0 -65.3918,-45.117900000000006,0 -65.39139999999999,-45.1171,0 -65.3911,-45.1164,0 -65.3908,-45.1159,0 -65.3906,-45.115500000000004,0 -65.3905,-45.1151,0 -65.3903,-45.114799999999995,0 -65.3901,-45.114399999999996,0 -65.38989999999998,-45.11399999999999,0 -65.3896,-45.1135,0 -65.38929999999999,-45.112899999999996,0 -65.38879999999999,-45.112199999999994,0 -65.3883,-45.1114,0 -65.3877,-45.1105,0 -65.38689999999998,-45.1096,0 -65.386,-45.108599999999996,0 -65.385,-45.1077,0 -65.3838,-45.10669999999999,0 -65.3824,-45.105799999999995,0 -65.3809,-45.1049,0 -65.3794,-45.1041,0 -65.3778,-45.1034,0 -65.37609999999998,-45.1027,0 -65.3745,-45.10209999999999,0 -65.37289999999999,-45.10170000000001,0 -65.37139999999998,-45.1013,0 -65.3701,-45.10099999999999,0 -65.36879999999998,-45.10090000000001,0 -65.36769999999999,-45.10079999999999,0 -65.3666,-45.10079999999999,0 -65.3657,-45.10090000000001,0 -65.3648,-45.10099999999999,0 -65.3641,-45.101099999999995,0 -65.36339999999998,-45.1012,0 -65.3628,-45.1013,0 -65.3622,-45.1014,0 -65.3616,-45.1014,0 -65.3611,-45.101499999999994,0 -65.3605,-45.10170000000001,0 -65.3598,-45.1018,0 -65.3591,-45.102,0 -65.35819999999998,-45.10230000000001,0 -65.3572,-45.102599999999995,0 -65.3562,-45.1029,0 -65.355,-45.10329999999999,0 -65.3539,-45.10370000000001,0 -65.3528,-45.1041,0 -65.3517,-45.104499999999994,0 -65.3507,-45.1049,0 -65.3499,-45.1052,0 -65.34929999999999,-45.1054,0 -65.3488,-45.1056,0 -65.3484,-45.105799999999995,0 -65.3481,-45.1059,0 -65.3479,-45.106,0 -65.3478,-45.106,0 -65.3476,-45.10609999999999,0 -65.3475,-45.106199999999994,0 -65.3473,-45.106199999999994,0 -65.34709999999998,-45.10629999999999,0 -65.3469,-45.1064,0 -65.3466,-45.1065,0 -65.3464,-45.10669999999999,0 -65.3462,-45.1068,0 -65.3459,-45.10699999999999,0 -65.34570000000001,-45.10709999999999,0 -65.34559999999999,-45.1073,0 -65.3454,-45.1075,0 -65.3452,-45.1077,0 -65.3451,-45.108,0 -65.345,-45.1082,0 -65.3448,-45.1084,0 -65.3447,-45.10869999999999,0 -65.34449999999998,-45.1089,0 -65.3443,-45.10909999999999,0 -65.34409999999998,-45.1093,0 -65.34389999999999,-45.1097,0 -65.3436,-45.11010000000001,0 -65.3434,-45.11070000000001,0 -65.3432,-45.1115,0 -65.34299999999999,-45.11259999999999,0 -65.3427,-45.1139,0 -65.3426,-45.1156,0 -65.3424,-45.11749999999999,0 -65.3424,-45.11959999999999,0 -65.3424,-45.12180000000001,0 -65.3426,-45.124,0 -65.34299999999999,-45.12610000000001,0 -65.34349999999999,-45.128,0 -65.3442,-45.1297,0 -65.3452,-45.13099999999999,0 -65.3464,-45.1321,0 -65.3477,-45.1329,0 -65.34909999999999,-45.133500000000005,0 -65.3506,-45.1339,0 -65.352,-45.134299999999996,0 -65.3534,-45.134499999999996,0 -65.35469999999998,-45.134800000000006,0 -65.3559,-45.1351,0 -65.3569,-45.1354,0 -65.3578,-45.1357,0 -65.3586,-45.136,0 -65.3593,-45.13629999999999,0 -65.3598,-45.1366,0 -65.36029999999998,-45.1368,0 -65.36079999999998,-45.13699999999999,0 -65.3611,-45.1372,0 -65.3615,-45.1373,0 -65.3617,-45.1373,0 -65.362,-45.1374,0 -65.3622,-45.1374,0 -65.3624,-45.1374,0 -65.3626,-45.1374,0 -65.3628,-45.1374,0 -65.36289999999998,-45.1374,0 -65.3631,-45.1375,0 -65.36339999999998,-45.1375,0</coordinates></LinearRing></outerBoundaryIs></Polygon><Polygon><outerBoundaryIs><LinearRing><coordinates>-66.3587,-45.173199999999994,0 -66.36489999999999,-45.1741,0 -66.37099999999998,-45.1718,0 -66.3757,-45.1684,0 -66.37919999999998,-45.1645,0 -66.3809,-45.1582,0 -66.3823,-45.152499999999996,0 -66.3814,-45.15059999999999,0 -66.3814,-45.14710000000001,0 -66.3797,-45.1441,0 -66.3774,-45.1399,0 -66.3741,-45.1376,0 -66.3704,-45.135299999999994,0 -66.3654,-45.134699999999995,0 -66.36189999999999,-45.13419999999999,0 -66.35769999999998,-45.1356,0 -66.35469999999998,-45.1369,0 -66.3497,-45.1414,0 -66.346,-45.14589999999999,0 -66.345,-45.15079999999999,0 -66.3457,-45.157999999999994,0 -66.3497,-45.1668,0 -66.3551,-45.17139999999999,0 -66.3587,-45.173199999999994,0</coordinates></LinearRing></outerBoundaryIs></Polygon>
</MultiGeometry>
</Placemark>
  </Document>
</kml>
